,baseMean,log2FoldChange,lfcSE,pvalue,padj
101249794,216.2504862,3.097375102,0.304700547,6.45E-26,1.31E-21
101261835,65.15213607,2.664597453,0.295046107,8.97E-21,2.59E-17
101250767,55.9718035,2.529645575,0.279885505,1.06E-20,2.67E-17
100316894,284.3005101,1.68406781,0.199959418,2.15E-18,2.36E-15
101255324,85.15442606,2.301724624,0.274282941,2.22E-18,2.36E-15
101263630,87.65080995,4.293794807,0.552673123,1.60E-16,8.77E-14
101257012,56.16837611,2.029459762,0.257199618,2.05E-16,1.06E-13
101251527,136.7395994,2.458003711,0.3175187,3.54E-16,1.67E-13
101250584,159.2112325,6.150254822,0.816225693,5.58E-16,2.41E-13
101268268,55.34422249,1.687173607,0.216925039,6.73E-16,2.84E-13
101261529,63.49448853,2.581598969,0.337653651,8.48E-16,3.51E-13
101253585,555.4555327,2.65451397,0.352246598,1.07E-15,4.24E-13
101250420,87.24482665,3.279385205,0.435410338,1.24E-15,4.75E-13
101249497,33.31572344,1.861904381,0.255913646,3.53E-14,1.02E-11
101257269,29.74364479,2.562712291,0.358197065,6.65E-14,1.73E-11
101259925,27.50473598,1.873786554,0.268942335,3.76E-13,7.85E-11
101245191,23.0694749,2.705700783,0.391794913,4.98E-13,1.01E-10
101255191,26.53387463,2.278506796,0.329492966,5.39E-13,1.07E-10
101245840,95.99446355,2.492449164,0.373076536,6.80E-13,1.29E-10
101257817,28.27486887,1.615267627,0.235928408,1.04E-12,1.89E-10
101244894,161.3097312,2.592382936,0.393896867,1.16E-12,2.04E-10
101268294,35.16895812,2.113004759,0.314062372,1.21E-12,2.10E-10
101261228,66.05200611,3.332476882,0.515803002,2.42E-12,3.99E-10
101248276,149.2303001,3.695395831,0.579916103,2.46E-12,4.03E-10
101251303,76.80539584,4.318599432,0.682820477,3.94E-12,6.19E-10
543521,198.3965919,1.356259861,0.20815965,6.14E-12,8.95E-10
101267241,20.06100591,3.814193473,0.581762358,8.22E-12,1.14E-09
101268572,203.9595088,1.525392776,0.240008078,1.37E-11,1.70E-09
101257927,42.20005634,4.556299876,0.733342541,1.66E-11,2.03E-09
778336,300.8149636,1.843811059,0.295212608,1.81E-11,2.16E-09
101254878,33.98584494,1.55234192,0.245171005,2.67E-11,3.10E-09
544313,50.98290461,2.982223791,0.493099399,4.11E-11,4.65E-09
101249973,94.50898443,3.220315563,0.538668999,4.14E-11,4.66E-09
543942,73.55491286,6.391160674,1.060381352,4.47E-11,5.00E-09
101266537,32.25155424,2.33674396,0.382303318,5.38E-11,5.89E-09
101267981,155.5765521,3.385158203,0.574568517,5.47E-11,5.90E-09
101247288,75.87785706,4.166084171,0.707259419,5.48E-11,5.90E-09
101248026,70.51841786,2.633726586,0.439501102,5.93E-11,6.32E-09
101255829,27.84662028,3.736098296,0.617814099,7.15E-11,7.59E-09
101254223,61.84978324,1.967561085,0.328441178,9.99E-11,9.97E-09
101253759,117.0795163,3.345432535,0.581227615,1.35E-10,1.30E-08
101266883,123.2470277,4.817589595,0.854602099,1.43E-10,1.35E-08
101266231,38.20826574,2.263284611,0.383750103,1.77E-10,1.63E-08
101255501,102.3849145,2.215412624,0.384984429,2.75E-10,2.41E-08
101261722,61.44994791,2.037648143,0.350846924,2.78E-10,2.42E-08
101265980,23.76203279,3.509143563,0.599881725,2.81E-10,2.43E-08
101246280,63.79109417,4.008743379,0.715851715,3.25E-10,2.78E-08
101253566,68.2428924,1.904176922,0.32865202,3.34E-10,2.83E-08
544157,268.3421302,2.666776124,0.473780883,3.63E-10,3.03E-08
101244186,17.20777402,2.957196926,0.501689961,3.75E-10,3.10E-08
101267147,136.1767574,3.129332535,0.562650327,4.15E-10,3.37E-08
101258870,223.6312692,2.521210903,0.449817634,4.82E-10,3.86E-08
101246126,56.96336396,2.131382168,0.374546766,5.16E-10,4.09E-08
101265426,206.3190474,2.093345301,0.371070659,5.52E-10,4.30E-08
101259163,28.58547338,1.476004303,0.253012066,6.53E-10,4.95E-08
100134881,32.40509813,3.550685564,0.636706779,7.67E-10,5.69E-08
101246087,37.23141711,2.740604847,0.493841299,9.81E-10,7.07E-08
101259436,48.21427092,1.659298448,0.293221041,1.07E-09,7.55E-08
101262661,268.6478406,3.113267806,0.581345057,1.23E-09,8.50E-08
101247200,50.66777777,1.420787445,0.252134927,1.62E-09,1.08E-07
101247807,53.60043912,2.039961208,0.371167866,1.72E-09,1.13E-07
543701,31.88648373,4.242467307,0.785139815,2.00E-09,1.29E-07
101253771,21.61141448,2.397835869,0.432811527,2.01E-09,1.29E-07
104645665,31.35939134,3.349276228,0.619148196,2.02E-09,1.29E-07
101258980,119.5263581,2.135034009,0.39577734,2.19E-09,1.39E-07
101254960,49.64584636,3.490343431,0.658476686,2.26E-09,1.42E-07
101251154,38.95057923,4.996359781,0.932229855,2.25E-09,1.42E-07
101251967,159.7188187,2.913978581,0.554497131,2.46E-09,1.53E-07
101257277,56.02571985,1.153264545,0.204804424,2.49E-09,1.54E-07
543923,63.38432906,1.485610542,0.268877669,2.51E-09,1.54E-07
100301928,165.1581682,3.354022979,0.646426542,2.70E-09,1.64E-07
101250189,60.98149278,1.212370703,0.216742323,2.71E-09,1.64E-07
101246277,17.82338351,3.594708613,0.652245904,2.91E-09,1.75E-07
101253648,228.3543978,1.514865654,0.278797226,3.36E-09,1.96E-07
101258862,18.24976481,3.617956765,0.66765765,4.33E-09,2.40E-07
104644843,23.40501511,3.253148948,0.612151093,4.56E-09,2.50E-07
101264331,28.42188763,2.815994008,0.532399891,4.62E-09,2.52E-07
543731,72.2130505,1.796708656,0.336551939,4.66E-09,2.54E-07
101250935,135.8181753,2.134493306,0.407384201,5.01E-09,2.71E-07
101253953,54.76034973,2.147150965,0.407137406,5.21E-09,2.78E-07
101249123,53.02630701,1.804088441,0.339608129,5.83E-09,3.04E-07
101246841,17.2366648,6.246873098,1.467714866,6.15E-09,3.20E-07
101258589,15.31688062,2.419955151,0.448393113,6.53E-09,3.38E-07
101267023,51.63875148,2.064365535,0.39407305,6.68E-09,3.44E-07
101260171,119.3374717,1.551965361,0.292469662,6.92E-09,3.56E-07
101251407,216.699796,2.547179029,0.502636182,8.34E-09,4.22E-07
543680,56.4114815,1.081455958,0.200332419,1.04E-08,5.10E-07
101260164,203.7762859,1.037409271,0.194142393,1.30E-08,6.14E-07
101263533,107.6287225,2.473855345,0.495560373,1.37E-08,6.41E-07
101256817,151.3491903,2.103239981,0.416477387,1.37E-08,6.43E-07
101246840,21.92525121,1.631686706,0.310018862,1.47E-08,6.79E-07
100037499,46.24823763,1.706661962,0.33043655,1.48E-08,6.81E-07
101248717,140.6116751,2.635506988,0.531711403,1.49E-08,6.87E-07
101260892,20.54803003,2.539480411,0.495647458,1.66E-08,7.61E-07
101248759,40.82291751,3.298887439,0.671095904,1.88E-08,8.45E-07
101250515,57.04085671,1.117468313,0.212010114,1.93E-08,8.66E-07
101259548,46.619249,2.045213664,0.406695501,2.08E-08,9.24E-07
101247196,174.3921994,3.253209198,0.679774125,2.17E-08,9.53E-07
101250514,13.60907645,5.869957865,1.450423839,2.45E-08,1.07E-06
101259007,70.9930322,2.100260135,0.423270874,2.47E-08,1.07E-06
101266759,21.31894983,1.825136942,0.356843186,2.61E-08,1.13E-06
101250923,27.63672457,4.145651885,0.846855415,2.80E-08,1.20E-06
101268338,57.47839399,1.915345702,0.38478717,2.82E-08,1.21E-06
101254270,11.42212605,2.079684857,0.399326892,3.02E-08,1.28E-06
101246688,69.00111334,2.879269722,0.599740089,3.07E-08,1.30E-06
101254991,51.79064624,1.307425716,0.255563826,3.21E-08,1.35E-06
101244450,90.50518262,1.04216045,0.201457369,3.46E-08,1.45E-06
101254785,43.21911976,4.735141508,1.00196614,3.47E-08,1.45E-06
543605,113.8156434,1.829628668,0.371194758,3.48E-08,1.45E-06
101252505,248.2372837,3.480348819,0.750370855,3.59E-08,1.48E-06
101244006,28.19457952,1.531093273,0.301576239,3.64E-08,1.49E-06
101266533,75.72971131,1.98562427,0.407190597,4.16E-08,1.68E-06
544031,39.12377252,3.998485902,0.849123242,4.18E-08,1.68E-06
101263592,62.5583582,1.355574182,0.269181262,4.21E-08,1.69E-06
101258062,51.38070025,1.845944509,0.375317416,4.25E-08,1.70E-06
108511945,52.59801207,2.523750434,0.527060591,4.46E-08,1.77E-06
101248124,186.0828056,3.330603539,0.724154285,4.83E-08,1.89E-06
101245149,22.65747666,3.272933862,0.677735749,4.89E-08,1.92E-06
101268273,59.49339881,2.256330538,0.471715641,5.31E-08,2.05E-06
101247272,191.0528839,2.458651671,0.521922572,5.33E-08,2.05E-06
101261978,37.32853848,2.906586603,0.614110944,5.49E-08,2.09E-06
101265719,31.8309746,1.990580142,0.408435145,5.54E-08,2.11E-06
101266806,27.60643467,2.363324291,0.489206762,5.57E-08,2.12E-06
101248884,13.80660821,2.044629612,0.407213724,5.64E-08,2.13E-06
101260084,77.35098168,1.251286016,0.250553151,6.02E-08,2.27E-06
101258346,31.56463994,5.396660433,1.125067428,6.03E-08,2.27E-06
101250024,14.46716871,2.76013565,0.561429435,6.49E-08,2.41E-06
101261140,183.9806533,2.324472803,0.496420276,6.65E-08,2.47E-06
101261739,12.36060653,1.820363353,0.362139539,7.34E-08,2.69E-06
101246267,19.25993578,2.952216474,0.619058816,8.29E-08,3.01E-06
101263355,77.45451709,1.70707064,0.356309741,8.31E-08,3.01E-06
101256309,29.74534661,1.082816775,0.214599154,8.35E-08,3.02E-06
101250721,16.95967894,2.871092722,0.597573776,8.38E-08,3.02E-06
100750252,243.9633378,4.08510191,0.937449302,9.00E-08,3.21E-06
544056,500.2928313,3.681431306,0.842291958,9.77E-08,3.43E-06
101265833,288.2642641,3.028916512,0.676967044,1.02E-07,3.58E-06
101249565,22.88265511,3.591982056,0.772226816,1.03E-07,3.59E-06
101256409,18.40747689,5.05978042,1.025677776,1.12E-07,3.86E-06
778249,147.6888377,1.029177872,0.2086032,1.16E-07,3.97E-06
544103,149.6351885,1.360746321,0.28335114,1.18E-07,4.04E-06
543880,127.4914124,2.28196314,0.500186234,1.27E-07,4.30E-06
101267711,53.97192935,3.29723273,0.74043314,1.32E-07,4.42E-06
101265728,96.58974677,1.279252516,0.265733921,1.34E-07,4.49E-06
101244651,33.85284487,1.379592864,0.285523018,1.34E-07,4.49E-06
109120183,20.42792367,2.937496959,0.635604214,1.50E-07,4.94E-06
101245341,45.42152766,1.444830494,0.303471845,1.54E-07,5.03E-06
101264464,16.44166743,1.563276714,0.322504793,1.55E-07,5.04E-06
101250113,30.78866269,1.589713872,0.335698451,1.65E-07,5.30E-06
101266355,69.87374768,1.116364619,0.2304501,1.65E-07,5.32E-06
101262633,30.95701662,1.694902759,0.360264945,1.69E-07,5.43E-06
101248126,68.97730658,1.119106586,0.231400106,1.72E-07,5.48E-06
101246295,48.78267765,2.25203169,0.495945173,1.77E-07,5.65E-06
544009,23.10157027,3.08965208,0.681297952,1.80E-07,5.71E-06
101250270,18.42507799,2.129965315,0.454799683,1.80E-07,5.71E-06
104645408,21.99064943,2.865326561,0.628297613,1.81E-07,5.74E-06
101255830,33.14119509,1.0100665,0.20622829,1.94E-07,6.08E-06
101245711,18.58420563,4.362998463,0.941802706,1.99E-07,6.25E-06
101253598,35.82424253,1.823196467,0.394467118,2.03E-07,6.32E-06
101246812,42.13694051,3.18531407,0.725494402,2.06E-07,6.39E-06
544131,479.2321336,1.392217323,0.298660803,2.10E-07,6.50E-06
101255509,65.79564182,2.213884955,0.493151129,2.10E-07,6.50E-06
101262581,9.389677221,2.390747384,0.494576073,2.16E-07,6.65E-06
101261019,33.92568316,2.175653571,0.479636685,2.21E-07,6.81E-06
100134883,235.0063816,2.308517277,0.5225149,2.28E-07,6.98E-06
101247880,495.7498785,2.479061981,0.566218043,2.30E-07,7.02E-06
100134896,39.50582454,2.115653416,0.46749495,2.31E-07,7.03E-06
543875,32.77287928,4.467448776,1.029651826,2.46E-07,7.43E-06
104648156,28.85295229,2.900756032,0.654746812,2.54E-07,7.60E-06
101268227,256.9392674,5.438298946,1.394867758,2.89E-07,8.48E-06
101267365,182.0267306,2.876279754,0.674773124,2.89E-07,8.48E-06
101263123,59.12107484,3.575896253,0.848514892,3.07E-07,8.97E-06
101256208,15.20300782,1.708427929,0.365408451,3.11E-07,9.03E-06
543691,51.68588135,1.049004313,0.220665684,3.13E-07,9.08E-06
101247830,11.71436636,4.051794944,0.849660446,3.20E-07,9.19E-06
101267632,13.62016159,2.876284362,0.634965457,3.72E-07,1.04E-05
101261141,42.27736529,2.657143907,0.615890009,3.83E-07,1.07E-05
101265946,61.12607837,2.598418321,0.606450913,3.84E-07,1.07E-05
101244796,48.32658162,1.969275288,0.445888979,3.98E-07,1.11E-05
101266245,178.6535736,2.531073975,0.595142227,3.99E-07,1.11E-05
101266924,20.94826168,1.421822469,0.307254034,4.22E-07,1.16E-05
101258485,30.31604102,1.085355493,0.230615369,4.25E-07,1.17E-05
101258285,33.91771473,2.940219692,0.688821502,4.42E-07,1.20E-05
101245413,42.65956815,1.403987085,0.308466527,4.45E-07,1.21E-05
101259923,28.52228619,1.437773299,0.314503243,4.48E-07,1.22E-05
101246342,21.41105968,1.450851844,0.315816228,4.64E-07,1.25E-05
101263892,15.22451424,2.148547248,0.477210741,4.68E-07,1.26E-05
101055527,38.277348,1.018464409,0.217308786,4.97E-07,1.33E-05
543603,62.84150642,2.090983561,0.484350552,5.06E-07,1.35E-05
101250443,16.99372564,1.156491913,0.245866324,5.25E-07,1.39E-05
101261634,7.232473613,4.204821787,1.009631411,5.26E-07,1.39E-05
101259138,159.6300328,2.074712114,0.485075273,5.39E-07,1.42E-05
101265590,83.59756574,2.768517711,0.665255757,5.46E-07,1.43E-05
101262765,38.56125053,2.114640083,0.489490955,5.67E-07,1.48E-05
101263158,161.10607,1.230674019,0.273038386,6.00E-07,1.55E-05
101258872,50.47753521,2.129693195,0.49801036,6.17E-07,1.59E-05
101259487,7.068375789,6.691820165,2.613851416,6.18E-07,1.59E-05
101244435,34.95818579,1.53562237,0.345202321,6.19E-07,1.59E-05
101247462,73.06554795,1.521922138,0.345396136,6.45E-07,1.65E-05
101251639,101.7637292,2.292368544,0.546584996,6.47E-07,1.65E-05
101260320,13.91724234,2.393571203,0.541682512,6.52E-07,1.66E-05
778320,307.0282768,1.129659673,0.249549531,6.57E-07,1.67E-05
101267693,12.66502352,2.895230521,0.655610228,6.61E-07,1.67E-05
101255255,31.1202834,1.030603466,0.222331415,6.63E-07,1.68E-05
101267530,14.68543186,1.749505858,0.388978432,6.66E-07,1.68E-05
101250636,50.42132162,1.685012672,0.386428324,6.88E-07,1.72E-05
101248778,316.6585318,1.328393531,0.300322605,7.15E-07,1.79E-05
101255480,26.22639018,2.485728121,0.58584385,7.31E-07,1.82E-05
101260284,18.75239792,1.849530573,0.419881929,7.34E-07,1.82E-05
101260046,20.75640941,2.171806015,0.501773095,7.37E-07,1.83E-05
101266189,37.199061,2.68137379,0.643993566,7.38E-07,1.83E-05
101252760,24.15139448,3.031670442,0.724374234,7.44E-07,1.84E-05
101258376,32.15309616,2.75140611,0.660217836,7.55E-07,1.86E-05
101250444,57.32775418,1.609175049,0.369625216,7.57E-07,1.86E-05
100037497,9.324970206,2.028074067,0.444886758,7.60E-07,1.86E-05
101249144,98.43728718,2.426305031,0.590113367,8.33E-07,2.02E-05
101267355,25.16048133,2.088108184,0.487560303,8.33E-07,2.02E-05
101245084,69.04811791,1.832167486,0.430570445,8.49E-07,2.05E-05
101264731,9.317937502,5.215702909,1.489361691,8.88E-07,2.12E-05
101259884,69.60674103,1.661199389,0.387737218,9.01E-07,2.15E-05
101259371,15.29158229,1.86145242,0.422214778,9.25E-07,2.19E-05
101255122,61.69229033,4.174031553,1.079732517,9.28E-07,2.20E-05
101244827,13.44621547,2.174554243,0.498975777,9.53E-07,2.25E-05
544163,39.20554796,2.71062247,0.662588214,9.56E-07,2.25E-05
101267347,134.2585799,1.000410366,0.222131134,9.92E-07,2.32E-05
101264793,29.82244916,1.529778183,0.351157241,9.93E-07,2.32E-05
101255654,25.93357328,2.201976321,0.522432452,9.92E-07,2.32E-05
101254501,73.3550933,2.558834991,0.632838656,1.03E-06,2.39E-05
101255031,81.89277857,1.36689099,0.316851969,1.18E-06,2.73E-05
101255348,36.11131597,1.535169717,0.357294474,1.20E-06,2.75E-05
101247838,19.23128901,1.87730059,0.438775356,1.20E-06,2.75E-05
101259275,60.64544499,1.7527486,0.417631649,1.20E-06,2.76E-05
101257792,20.11374191,3.356161971,0.821406712,1.21E-06,2.77E-05
101261042,26.21777321,1.17168943,0.263074429,1.22E-06,2.79E-05
100301908,162.538774,1.144188928,0.261392793,1.28E-06,2.90E-05
100316895,153.9166119,2.237915722,0.5546658,1.28E-06,2.91E-05
101247647,18.12447483,4.019808909,0.976081953,1.29E-06,2.93E-05
101246025,10.54283775,1.637699226,0.367740422,1.30E-06,2.94E-05
101267862,28.16664086,1.139112092,0.256688672,1.33E-06,3.01E-05
novel.108,15.47423028,1.461033784,0.332071371,1.35E-06,3.04E-05
101247012,46.63414678,1.642133227,0.390216401,1.41E-06,3.17E-05
101252689,72.72664484,1.348070645,0.315073082,1.47E-06,3.27E-05
101251018,27.40390028,2.127238413,0.515866343,1.50E-06,3.32E-05
101263226,8.419555254,2.334617448,0.530565947,1.53E-06,3.38E-05
543891,18.38038801,1.57915707,0.367506817,1.56E-06,3.45E-05
101254095,22.7745441,1.607934453,0.378027931,1.58E-06,3.47E-05
101254906,161.3325358,1.722357461,0.4193964,1.64E-06,3.59E-05
101255248,304.2119034,3.870962153,1.062304842,1.68E-06,3.67E-05
101252588,9.150105261,4.473129359,1.151901086,1.69E-06,3.68E-05
101247427,9.345913536,1.83860019,0.419253534,1.70E-06,3.71E-05
101254509,70.52722716,1.399224586,0.331781936,1.73E-06,3.77E-05
101258155,188.4836351,2.174737386,0.547831284,1.75E-06,3.80E-05
101248076,63.33236915,2.637936154,0.676614577,1.82E-06,3.91E-05
101267223,46.82943918,2.744830039,0.70759253,1.97E-06,4.22E-05
101267943,41.67625854,2.276157657,0.572280463,1.97E-06,4.22E-05
101254880,42.07635928,1.870210127,0.461876015,2.17E-06,4.58E-05
101247643,20.92441753,1.684275598,0.404036122,2.19E-06,4.60E-05
101258203,18.13169931,2.354364172,0.58192049,2.24E-06,4.70E-05
101265190,36.48715862,2.702766312,0.69760571,2.26E-06,4.73E-05
101249811,12.440129,4.439787436,1.041168999,2.30E-06,4.80E-05
101267118,25.63388256,2.097775591,0.520772097,2.31E-06,4.81E-05
101251456,130.4792758,1.509112703,0.368965555,2.39E-06,4.96E-05
101254394,18.59275555,3.226834248,0.821730111,2.41E-06,4.99E-05
101259661,18.89974532,3.37396604,0.862107637,2.44E-06,5.02E-05
101262066,11.19736452,2.705081757,0.654966431,2.46E-06,5.05E-05
101258509,9.684994688,7.117766838,2.798659082,2.56E-06,5.22E-05
100736459,21.72587767,1.198576874,0.279843803,2.65E-06,5.38E-05
100037498,28.1410418,2.252727397,0.5709136,2.67E-06,5.40E-05
101055516,281.9778863,1.169028351,0.279132365,2.72E-06,5.49E-05
544297,12.20885004,1.95383424,0.471558062,2.86E-06,5.73E-05
101263186,21.3230037,3.281971742,0.857154016,2.95E-06,5.89E-05
101265380,39.75548394,5.199595171,1.442951055,3.00E-06,5.99E-05
101248957,10.64368909,2.389951042,0.581470206,3.08E-06,6.12E-05
101055602,49.82006902,2.043896037,0.523970801,3.09E-06,6.13E-05
101262584,10.82123575,2.523535136,0.619017332,3.26E-06,6.41E-05
104647238,61.46452704,1.797759355,0.456171524,3.29E-06,6.47E-05
101256882,55.53364344,1.607748873,0.401700125,3.30E-06,6.48E-05
101252968,147.6005725,1.04626358,0.248569635,3.32E-06,6.50E-05
778275,3.944864597,5.676699073,2.427476608,3.31E-06,6.50E-05
101268869,229.2306599,1.151665597,0.277454731,3.33E-06,6.51E-05
101258588,31.08675962,1.271854188,0.306650391,3.54E-06,6.86E-05
101256151,27.23697329,1.757979134,0.441698361,3.75E-06,7.23E-05
101258514,24.19130876,2.910358145,0.772908582,3.81E-06,7.32E-05
novel.246,4.429901348,4.138522831,1.302723989,3.81E-06,7.32E-05
104646748,9.896469893,4.121807459,0.976512765,3.85E-06,7.37E-05
101267065,270.0985832,1.502506266,0.378770523,3.85E-06,7.37E-05
544250,102.8534882,1.263358282,0.310406522,3.97E-06,7.59E-05
101261619,45.7387483,2.625761456,0.700017106,3.98E-06,7.60E-05
101249224,11.64010215,2.496266322,0.62631592,4.14E-06,7.85E-05
104645678,6.7344399,2.321750431,0.54583039,4.17E-06,7.88E-05
101261459,9.429041925,4.055337707,0.961740817,4.25E-06,8.01E-05
101252846,45.45386207,1.105898651,0.266155235,4.27E-06,8.03E-05
101244167,52.41706055,3.14745308,0.882146215,4.60E-06,8.58E-05
101267005,58.11060716,2.254219106,0.605376006,4.84E-06,8.98E-05
778339,3.516298461,3.810295603,1.232434687,4.87E-06,9.03E-05
101256847,16.39385264,1.777237858,0.447456454,5.02E-06,9.28E-05
101264704,13.38802639,1.169483331,0.277440074,5.03E-06,9.28E-05
101257315,15.44658594,3.988128065,1.049816441,5.08E-06,9.36E-05
101258429,921.7833129,3.185752788,0.914717981,5.11E-06,9.40E-05
101255096,140.3367923,1.894748905,0.503853117,5.39E-06,9.86E-05
101254002,18.25931939,1.265913066,0.30852194,5.39E-06,9.86E-05
101244142,155.7339014,1.956981062,0.523696328,5.45E-06,9.96E-05
101263888,26.35322081,1.815863648,0.469629595,5.48E-06,9.99E-05
101257623,32.24496116,4.004781539,1.149937245,5.61E-06,0.000102002
101250181,14.86287652,2.799667998,0.738870141,5.61E-06,0.000102002
543826,47.82192973,2.474530741,0.67986333,5.67E-06,0.000102877
101254316,23.33457919,1.074970863,0.25920297,5.71E-06,0.000103285
101253265,20.18416838,1.459437834,0.364682805,5.70E-06,0.000103285
104645830,12.19364266,4.758177389,1.357842744,5.74E-06,0.000103796
543654,725.8343058,1.616309059,0.423816257,5.92E-06,0.000106622
101264048,13.88541749,2.422510931,0.631574954,5.95E-06,0.00010699
101262200,88.11411707,2.563272869,0.715758061,6.01E-06,0.000107751
101260888,13.25689085,1.311975372,0.319236242,6.10E-06,0.000108889
101258601,10.30134176,1.78737425,0.44410209,6.16E-06,0.000109802
101250009,14.28900727,2.219661855,0.576710178,6.17E-06,0.000109965
100736433,98.2022692,2.58153466,0.725927918,6.37E-06,0.000113027
101248670,41.07112538,1.07085152,0.262671151,6.52E-06,0.000115329
101268236,55.68412811,2.168844634,0.590357292,6.54E-06,0.000115473
novel.498,43.30423119,2.886535197,0.818746177,6.62E-06,0.000116496
104648541,6.713496805,2.686251186,0.652194667,6.79E-06,0.000119127
104646058,17.88104789,2.734057027,0.741978602,6.83E-06,0.000119763
101245982,9.414124692,1.742724618,0.431834333,6.85E-06,0.000119952
101268787,33.5058719,2.410476078,0.665971643,6.92E-06,0.000120875
101247773,14.8780574,1.732053205,0.44283433,6.98E-06,0.000121583
101256625,35.19111362,1.100082912,0.271641664,7.07E-06,0.000123092
778212,137.6687383,2.231976821,0.620871374,7.09E-06,0.000123349
101245158,57.31830119,2.623119655,0.742673996,7.16E-06,0.000124455
101261181,56.70752197,2.18495737,0.601913928,7.33E-06,0.000127226
101249062,60.69784422,1.795538082,0.481224273,7.45E-06,0.00012913
101258270,103.9202217,2.117815418,0.585874366,7.48E-06,0.000129255
101248673,98.46926635,1.359338115,0.351045862,7.47E-06,0.000129255
novel.667,45.57302002,2.091713617,0.571506562,7.48E-06,0.000129255
101260794,15.58623718,1.448182284,0.364640604,7.58E-06,0.000130422
101268860,46.22869606,2.334633364,0.649643529,7.69E-06,0.00013198
101264804,53.56779586,4.186135872,1.287310864,7.76E-06,0.000132881
101264170,10.39269645,2.225961082,0.574514625,7.87E-06,0.000134575
101251823,65.91057454,2.10759444,0.58259996,7.96E-06,0.000135865
101267858,31.31451122,2.029234365,0.550751549,8.08E-06,0.000137261
101254379,28.10159634,1.267531858,0.320541652,8.08E-06,0.000137261
101251119,40.85257016,5.148561227,1.577700169,8.11E-06,0.000137551
101263441,506.9002645,2.238646552,0.632808976,8.30E-06,0.000140623
101267816,21.3547098,3.479459464,0.9926525,8.52E-06,0.000143901
109120423,16.62347565,2.924040092,0.810260008,8.86E-06,0.000149146
544202,31.68568321,1.233619133,0.314123055,9.16E-06,0.000153159
544028,11.3712438,2.673650138,0.714826375,9.34E-06,0.000155739
101263872,15.71054682,3.222905271,0.89763893,9.36E-06,0.000155926
101256209,6.524397145,3.934994436,1.125247794,1.00E-05,0.000166127
101267548,18.51970073,2.460360816,0.684050302,1.04E-05,0.000170552
101262611,15.03395253,1.150909988,0.286323165,1.04E-05,0.000171024
101260244,25.35261842,1.46325242,0.384156179,1.08E-05,0.000176437
101259555,31.57182083,4.387990654,1.347575451,1.09E-05,0.000177242
101055548,34.63226739,1.797717956,0.492287615,1.12E-05,0.000181432
101266314,19.20546737,1.639282377,0.435941364,1.14E-05,0.000185007
101258576,39.93114701,2.196902687,0.623559897,1.15E-05,0.000185369
101245282,15.05890319,2.598335764,0.721647476,1.15E-05,0.00018544
101261434,25.75429307,1.324133407,0.344659324,1.16E-05,0.000187342
101055585,83.88226657,1.721470907,0.475040931,1.17E-05,0.000187805
101244691,28.14914764,1.339017966,0.350435081,1.18E-05,0.000189473
101267950,21.07569442,1.50497913,0.39771144,1.19E-05,0.000191485
544165,55.63528907,1.385176367,0.36870225,1.21E-05,0.000193459
543855,9.952571482,2.632909334,0.709077653,1.24E-05,0.000198939
101254118,29.31827429,1.230848593,0.319164864,1.25E-05,0.000199735
101245973,9.22673375,2.861845478,0.765559287,1.26E-05,0.00020042
101251453,13.02464941,2.226897057,0.6078887,1.26E-05,0.000200708
101256961,8.902369899,1.738929826,0.447625123,1.26E-05,0.000200983
101258071,49.41451915,2.518091242,0.742578428,1.29E-05,0.000205234
100134888,4.096597864,5.665035241,2.496766479,1.30E-05,0.000205273
101256003,15.57114444,1.071416873,0.268143634,1.30E-05,0.00020546
101244012,43.43321822,1.010870729,0.257422386,1.35E-05,0.000211642
543806,47.52239696,1.043041642,0.267311175,1.35E-05,0.000212093
101247056,9.276748382,3.58873175,0.9549174,1.38E-05,0.000215945
101259911,32.75609095,2.393182228,0.700917866,1.38E-05,0.000216748
101248520,171.4531402,2.102017485,0.612655893,1.41E-05,0.000219917
101262296,143.1513193,2.176864592,0.638918195,1.43E-05,0.000222472
101263275,24.41493719,2.21534998,0.632906612,1.45E-05,0.000226019
101267829,17.90692876,1.314218355,0.343795602,1.49E-05,0.0002311
101249070,15.63336475,2.45671162,0.696928664,1.51E-05,0.000233772
101248932,39.59173586,3.769205153,1.202245521,1.51E-05,0.000233783
101267985,37.84896157,1.909012995,0.54128674,1.51E-05,0.000233783
778350,12.75276133,1.288652624,0.333144225,1.63E-05,0.000248267
101263766,74.08212758,1.15154641,0.304624352,1.63E-05,0.000248773
101246836,83.50205992,1.700978657,0.481461155,1.67E-05,0.000254242
101264678,9.858802759,4.426460531,1.357590643,1.68E-05,0.000254242
101249209,10.58458082,1.317944651,0.339368096,1.72E-05,0.000259683
101055596,12.15589635,2.867137533,0.817645768,1.75E-05,0.000263868
101253243,104.0462425,1.880530001,0.54577412,1.76E-05,0.000264831
101255604,19.63669164,1.211302599,0.317980663,1.78E-05,0.000267771
101251309,77.17176622,2.013511948,0.591276941,1.79E-05,0.00026982
101265985,22.00962775,1.266935818,0.33648992,1.82E-05,0.000272956
101247551,6.734669938,1.863269505,0.481817181,1.82E-05,0.00027304
101245242,6.69063721,2.445290301,0.645324843,1.96E-05,0.000288936
101251195,40.0613209,1.973415855,0.577272317,2.01E-05,0.000295753
544144,583.5708095,2.243834506,0.687104109,2.06E-05,0.00030163
544010,118.821973,1.094041472,0.292740343,2.08E-05,0.00030399
101249560,126.116187,1.02155701,0.270916503,2.14E-05,0.000310827
101257219,43.40874969,1.799268101,0.521277133,2.14E-05,0.000310827
101245190,13.88120968,3.54083543,1.051984935,2.16E-05,0.000312294
101260125,13.44136128,2.513829125,0.729862268,2.16E-05,0.000312294
101254846,57.03538404,1.020153457,0.269279593,2.17E-05,0.000312814
101260481,55.93223191,1.641216051,0.469829036,2.16E-05,0.000312814
101263877,171.4440025,1.137905787,0.308166558,2.20E-05,0.00031731
543944,25.84467871,1.502273681,0.418596424,2.24E-05,0.00032261
112941581,47.03879508,1.565858828,0.445611543,2.26E-05,0.000324947
101249141,27.21633462,1.715269619,0.490298294,2.29E-05,0.000328174
101256373,56.74496502,1.569655723,0.448284152,2.31E-05,0.000329884
101263469,33.4316998,1.058454358,0.280972056,2.36E-05,0.000336767
101255223,10.19578465,5.096439695,1.797332935,2.37E-05,0.000337472
101264460,11.98568646,1.119846308,0.290574865,2.40E-05,0.0003408
100135703,30.80687166,2.105051346,0.628298991,2.41E-05,0.000341363
101244425,32.34363321,1.546848409,0.43857513,2.44E-05,0.000344587
101256359,6.283763021,2.353918213,0.626796122,2.48E-05,0.000348687
101268729,6.40684795,3.10460993,0.821633412,2.51E-05,0.000353738
101253408,11.85341879,1.677258011,0.4651642,2.52E-05,0.000354129
101256298,8.540064381,2.04204457,0.563268968,2.54E-05,0.000356098
101055501,26.26615766,2.090654439,0.623902534,2.55E-05,0.000357244
101245634,12.40086114,1.163656391,0.305730101,2.57E-05,0.000359653
104644345,14.61936965,1.730495597,0.487915228,2.58E-05,0.000360305
544260,137.2571246,1.518177019,0.438128384,2.59E-05,0.000361994
101246917,6.149646353,1.997486626,0.527792177,2.60E-05,0.000362976
101250190,52.52041957,1.702317365,0.498600549,2.64E-05,0.000367501
101245126,9.079900293,1.332175722,0.351366297,2.69E-05,0.000372117
101249249,102.0024515,1.084838844,0.295246276,2.73E-05,0.000376781
112940330,7.1922927,4.641894437,1.640598415,2.73E-05,0.000376781
101253038,332.7342102,2.937563307,0.984917435,2.79E-05,0.000383068
101263903,144.9821205,2.777232582,0.913446818,2.79E-05,0.000383086
101263696,32.319272,1.435425211,0.40624989,2.80E-05,0.000383785
novel.447,8.297595732,1.402394678,0.371573891,2.87E-05,0.000391888
101257192,258.3725205,3.273247457,1.136873723,2.91E-05,0.00039621
101251620,14.98540703,1.618393152,0.458018472,3.02E-05,0.000409344
101244740,10.2140927,1.163916383,0.307474611,3.22E-05,0.000433952
101264700,137.8160834,2.058712717,0.644176744,3.26E-05,0.000438346
101251606,199.9285625,1.155967505,0.323363456,3.27E-05,0.000438836
101254101,13.0572617,1.628622451,0.461270835,3.29E-05,0.000440122
543736,43.36751721,2.481424368,0.796481237,3.29E-05,0.000440555
104648613,12.33475708,2.847283045,0.866240841,3.34E-05,0.000444457
101260974,182.3453581,1.552110664,0.460360344,3.37E-05,0.00044791
101266726,24.82446999,1.15750711,0.31826014,3.40E-05,0.00045123
100736503,208.6031101,1.333935856,0.3850255,3.47E-05,0.000458783
101264912,15.52888411,1.024646837,0.273100854,3.58E-05,0.000471664
101244095,11.36328041,1.871454913,0.541704836,3.69E-05,0.000484093
101267186,8.780830466,2.298171036,0.665248265,3.69E-05,0.000484102
101250974,105.5142854,3.04966271,1.065288458,3.72E-05,0.000486345
101264690,10.70569765,2.418906655,0.72100416,3.72E-05,0.000486376
101247465,27.9962576,1.591064969,0.46893739,3.79E-05,0.000494637
101266243,13.35788081,1.820272323,0.532383816,3.83E-05,0.000498856
101246954,19.49101308,1.778878571,0.529493664,3.83E-05,0.000499229
101255390,24.67415059,1.711521347,0.51047562,3.87E-05,0.000503035
101262225,18.91095689,2.503571266,0.789944351,3.89E-05,0.000504912
101248335,6.502475891,3.472117337,0.944597573,3.91E-05,0.000506653
101257973,29.55900781,1.775392334,0.537262046,3.98E-05,0.000514097
101262356,15.42425926,1.885126638,0.562920206,4.06E-05,0.000523449
101261854,8.158679666,2.205168663,0.63831566,4.26E-05,0.000545447
101259682,141.8627428,1.266454816,0.367674553,4.27E-05,0.000545718
101247995,23.88977477,1.558528447,0.460264152,4.29E-05,0.00054818
101248467,19.1325843,1.195576324,0.33476707,4.45E-05,0.000564819
101252910,14.69050755,2.053464675,0.625413063,4.45E-05,0.000565152
101264936,22.09230864,2.130772047,0.669802724,4.52E-05,0.000570388
101244514,5.746232426,2.219625573,0.613285058,4.51E-05,0.000570388
101261461,33.23086984,2.170080957,0.695175755,4.55E-05,0.000573304
101265187,118.2649028,1.857812621,0.58776712,4.57E-05,0.000574777
101249653,3.668277136,5.401314751,2.512327046,4.56E-05,0.000574777
104645842,10.09596332,3.613885174,1.099887866,4.59E-05,0.00057668
101253143,9.904640035,1.16380308,0.315666807,4.64E-05,0.000580642
101260188,49.96180899,1.085020367,0.306363918,4.79E-05,0.000597886
101249583,54.66936418,2.627786039,0.898177668,4.80E-05,0.000599233
101245153,5.763650474,6.095163742,2.748606291,4.82E-05,0.00060166
101256908,23.8290035,3.902398254,1.386252659,4.93E-05,0.000612338
101266611,9.233825222,1.339331905,0.372312661,5.09E-05,0.000630133
100736505,8.532979156,1.440649459,0.40013604,5.11E-05,0.000631842
101245462,24.63209296,1.031940235,0.286806701,5.11E-05,0.000631992
101247659,27.18037586,1.883713706,0.589569397,5.13E-05,0.000634598
101257961,11.50965369,1.268506457,0.354912162,5.15E-05,0.000635293
100750255,13.2963362,1.064526705,0.291492488,5.16E-05,0.00063694
101246727,27.22293959,1.77817108,0.550727411,5.23E-05,0.000642699
101246543,10.03165852,1.448030312,0.412738143,5.44E-05,0.000663715
101260039,9.987352071,1.17560875,0.323446294,5.44E-05,0.000663715
543815,31.47805547,1.350949654,0.399589099,5.45E-05,0.000664744
101251700,11.19181453,2.25468472,0.695074208,5.46E-05,0.000665381
100301944,120.1912637,1.44338695,0.439702144,5.49E-05,0.000668162
101257337,9.760452646,2.412294511,0.740852146,5.59E-05,0.000678868
101260531,9.540575188,3.898415301,1.184488752,5.62E-05,0.000681272
109119361,11.23433284,4.450773582,1.587298609,5.69E-05,0.000687939
101264781,20.29661375,1.454808033,0.433282156,5.74E-05,0.000694204
112940999,20.66052491,1.397533545,0.412822022,5.78E-05,0.000697731
101266908,8.778989411,4.802460302,1.845355274,5.81E-05,0.000700477
101246755,4.785366339,4.05210808,1.520765386,5.84E-05,0.000703052
101267029,35.59596736,1.647849701,0.51363094,6.01E-05,0.000722353
101244582,44.79042556,1.902043923,0.615276838,6.02E-05,0.000723528
101249452,35.47863021,1.114326134,0.320579063,6.05E-05,0.000725466
101255788,16.21080047,4.843187531,1.847522993,6.13E-05,0.000733608
101267001,6.990834526,1.474902554,0.412443233,6.15E-05,0.000735014
101258357,6.778498253,2.23640138,0.656487791,6.23E-05,0.000743661
101246177,14.91401524,1.315410554,0.382167339,6.27E-05,0.000747981
544142,192.7756647,2.16543166,0.738609501,6.32E-05,0.00075236
101259996,65.659362,1.837091572,0.596019224,6.32E-05,0.00075236
101254787,35.52358084,1.14073316,0.331086638,6.36E-05,0.000755419
101260997,12.74726782,1.868301251,0.574271082,6.36E-05,0.000755419
101255309,16.75755949,1.648767739,0.504363033,6.40E-05,0.000759528
101265981,16.66125039,1.383068538,0.408765791,6.41E-05,0.000759528
112941802,1.896620743,4.303682763,2.192907513,6.41E-05,0.000759528
543614,713.5979808,1.650781815,0.529107054,6.51E-05,0.000768946
101261974,3.88472784,3.167766331,1.020987479,6.53E-05,0.000769508
101265909,11.64777628,3.048229234,1.001722444,6.76E-05,0.00079279
101265977,13.15794093,2.338413824,0.755463305,6.82E-05,0.000798556
101254410,23.12588222,1.474988682,0.450222974,6.94E-05,0.000810041
778364,7.935048151,2.145357075,0.649343904,7.00E-05,0.000815664
100820704,14.14156052,1.394174123,0.413932969,7.25E-05,0.000841429
101259793,76.96636666,1.336954088,0.41116263,7.56E-05,0.000873794
101266721,62.53653456,1.539787857,0.490053982,7.89E-05,0.000906223
101267140,10.96414918,2.801791197,0.925001947,7.95E-05,0.000912144
101267605,20.96554411,1.157004757,0.339197315,8.01E-05,0.000916322
101262226,5.896961327,2.93490469,0.861453442,8.01E-05,0.000916322
104644300,2.447372926,4.708411231,2.337802414,8.03E-05,0.00091785
101256055,20.07683603,1.429961682,0.438259194,8.18E-05,0.000933432
101266964,20.5752769,1.54845403,0.483793876,8.30E-05,0.000942648
101245070,5.675913708,2.378359241,0.699510732,8.38E-05,0.00094961
544290,18.6647358,1.280293991,0.38372196,8.43E-05,0.00095562
101252276,53.37467615,1.609753056,0.520880081,8.51E-05,0.000962844
101265482,5.893453039,6.063869617,2.816907653,8.56E-05,0.000967515
100736444,172.6855262,1.667586014,0.551086609,8.70E-05,0.000981502
102464333,26.27591984,1.606065897,0.512863939,8.74E-05,0.000983743
101261097,11.21434157,1.570215369,0.479109126,8.74E-05,0.000983743
101247526,6.565743329,2.544602959,0.776210179,8.75E-05,0.000983907
101262938,6.284987664,1.983499388,0.589670901,8.83E-05,0.000991259
101250219,44.17800654,1.670673806,0.545967157,8.89E-05,0.000996047
101251432,29.35352656,2.621599618,0.949883962,8.92E-05,0.000999152
101265303,17.27270507,1.397017839,0.42703144,9.04E-05,0.001008991
101257588,114.1524925,2.012374347,0.700442763,9.05E-05,0.001009413
101251301,28.17100599,1.664474861,0.539505496,9.09E-05,0.001012664
101264053,25.12505398,2.047314251,0.695664854,9.19E-05,0.001022428
101243659,44.73939661,1.922173214,0.654489273,9.22E-05,0.001024502
100316891,72.17754247,3.078480784,1.225993194,9.23E-05,0.001024741
100125891,245.7377057,1.21121696,0.373329638,9.34E-05,0.001035696
101244185,21.8307226,1.480493681,0.464253489,9.39E-05,0.001039824
101252615,18.69412763,1.047205431,0.304495204,9.43E-05,0.001043048
101261383,10.98882717,1.433171389,0.432324118,9.50E-05,0.001050446
101261904,6.063446298,2.442998032,0.739613312,9.53E-05,0.001052947
101251005,135.3813832,2.035929513,0.716237329,9.54E-05,0.001053205
104645948,13.3661424,1.896012044,0.61371917,9.54E-05,0.001053205
101267064,25.13413197,3.572904798,1.404823034,9.62E-05,0.00106095
101253917,17.83835977,2.858569028,1.030790903,9.65E-05,0.001064498
778230,6.731729442,3.438131323,1.045813825,9.70E-05,0.001067529
101251653,216.8695316,1.163085243,0.356747697,9.70E-05,0.001067549
101257664,13.91071372,2.015081479,0.662863684,9.72E-05,0.001068369
101244623,28.70294148,2.69586125,0.995334033,9.75E-05,0.001070724
101261408,19.24018898,1.063328083,0.311326801,9.77E-05,0.001073084
101256975,224.0006272,1.045246251,0.313976342,9.98E-05,0.001092701
101252754,17.75897345,1.268902207,0.385300504,0.000100833,0.001099927
101245601,14.17307729,3.063187601,1.100126356,0.000103585,0.001124504
101255144,9.772483651,1.181824306,0.343531102,0.000103718,0.001125347
101252966,55.39839472,1.288301023,0.403743841,0.000103924,0.001126979
778254,10.0503928,2.840248477,0.959647768,0.000104066,0.001127313
101250112,46.46515534,1.192242921,0.366991342,0.000104753,0.001132929
101253945,47.41715044,1.2495413,0.388512074,0.000105036,0.001133453
101255283,5.766189709,1.73850603,0.511214973,0.000105837,0.001139789
101262828,18.94928565,1.35088579,0.418475392,0.000106777,0.001149295
101254004,8.626162015,1.1229365,0.321287916,0.000107068,0.001151208
101260946,18.84370337,1.082576395,0.320537581,0.00010789,0.001157586
101258267,16.38816013,1.318723167,0.405794442,0.000110341,0.001177652
101250104,189.8533466,1.266440982,0.400996817,0.000111139,0.00118467
101268143,99.67083396,1.751375502,0.600721319,0.000111174,0.00118467
101252393,5.72641989,2.005741407,0.603358044,0.000112326,0.001194429
101262614,20.75839004,1.357291852,0.425194405,0.000113854,0.00120941
101266872,26.40866542,1.111085202,0.335594891,0.000113925,0.001209523
101263635,16.44826617,1.002721427,0.292548477,0.000114036,0.001210067
101266620,10.30858931,1.462368719,0.449410817,0.000115816,0.001226386
101249694,14.09867217,1.959484761,0.655324111,0.000116286,0.001230724
101247332,7.184584332,1.494958902,0.447433808,0.000118991,0.001256073
101267695,5.510748229,1.956349011,0.58804403,0.000122119,0.001282408
novel.224,25.52611127,1.56014794,0.512488686,0.000122537,0.001285465
101253040,30.97020948,1.123842932,0.344120715,0.000124541,0.001303799
101267987,10.41812969,1.94416703,0.638781659,0.000126003,0.00131637
novel.59,22.09129074,1.778663957,0.602245277,0.000126148,0.001316526
101246112,12.15846122,3.033126743,1.094414685,0.000126095,0.001316526
101265652,48.8679968,1.178704206,0.369148853,0.000127233,0.001325123
101262567,27.18516732,1.993223622,0.702801476,0.000128093,0.001331338
101267468,24.0142396,1.586623563,0.5248431,0.000128042,0.001331338
101243671,5.873492439,2.892411376,0.899386521,0.000129975,0.001347444
101265798,24.39205706,1.040210062,0.313018625,0.000130252,0.001349623
101245715,21.98607729,1.037045594,0.311179874,0.000130769,0.001353599
112940024,20.11059541,1.391637921,0.444841597,0.000131831,0.001362503
101252440,19.89539802,1.792778416,0.610086628,0.000134214,0.001385005
100037501,12.69661552,1.058913501,0.313461689,0.000135235,0.001391393
101247521,17.9356486,1.66530061,0.555367872,0.000136104,0.001398105
101268692,12.85728612,2.033151561,0.695130177,0.000137272,0.001408672
543714,155.1218326,1.033890361,0.318747452,0.000138471,0.001419321
101261024,19.30389427,1.836498932,0.63015492,0.00013852,0.001419321
101248573,6.123110256,2.432794126,0.772264474,0.000139209,0.001424777
101257549,6.92527089,1.441021799,0.43401053,0.000139591,0.001426686
104648246,22.99757085,2.209808106,0.805398158,0.000141376,0.001439125
101264681,7.277461616,1.274462504,0.377815643,0.000142822,0.001450928
101254732,6.252169698,2.100261694,0.664146827,0.000145154,0.001470923
101246341,16.17882328,1.261933876,0.396007876,0.000148483,0.001500908
101248469,3.084810762,3.402891667,1.392870194,0.000148937,0.001504748
104645888,1.680700279,4.034541309,2.166368758,0.000149187,0.001506518
101261694,11.21697649,1.502493489,0.48023261,0.000149704,0.001508731
101268306,38.06287312,1.371178021,0.450763703,0.000152168,0.001528109
101244293,62.01977253,1.963868277,0.722349402,0.000153362,0.00153567
101268290,14.25412074,1.012217719,0.302125937,0.00015401,0.001540635
101246357,10.203897,1.003460425,0.293990549,0.000154645,0.001546217
novel.836,5.664645456,1.471295007,0.438169975,0.000155731,0.001555543
108178985,30.76749537,1.315309604,0.427491095,0.000156785,0.001565299
101252097,6.694595223,1.317507845,0.393411385,0.000157494,0.001570106
101246328,9.375228632,1.39331642,0.434600678,0.000157631,0.001570651
543839,37.91652998,1.074450183,0.334273321,0.000157732,0.001570879
101252947,93.50559371,1.222031809,0.396635427,0.000160072,0.001590283
101267295,63.88269968,1.670520476,0.590702327,0.000162871,0.001612911
101265496,7.148414057,2.248351035,0.744651409,0.000163635,0.001617738
101253025,31.73293244,1.448943797,0.487256434,0.0001648,0.001628467
101257561,44.51959184,1.901081663,0.694228467,0.000165028,0.001629923
101260079,10.188852,2.277974694,0.797222081,0.000165888,0.001637615
101267703,10.43998272,2.835702784,1.033805404,0.000167452,0.001651453
543517,44.11603814,1.029235675,0.319031901,0.000167859,0.001652656
101258194,5.592546884,2.312112701,0.735069686,0.000167944,0.001652656
104649142,1.986040929,4.301243497,2.267619888,0.000168502,0.001656962
101055590,29.31535472,1.754953401,0.621554877,0.000169918,0.001666845
101248144,9.147870053,1.191217144,0.361992467,0.000170619,0.001672907
101268298,9.358671161,1.325863607,0.413871864,0.000175326,0.00171243
101248324,3.722484174,5.285089538,2.632218585,0.000177202,0.001724927
101251569,82.69860324,1.18402978,0.385539501,0.000179088,0.001738273
101264726,49.98039638,1.903707762,0.705712123,0.000179043,0.001738273
101264953,2.620107378,4.740457138,2.429243841,0.000179038,0.001738273
543728,16.7346321,2.134610096,0.782577318,0.000181055,0.001756532
101249680,2.764200638,3.242815919,1.354439219,0.000181272,0.001757789
101264093,7.851527857,1.673600974,0.5410829,0.000181363,0.001757836
101262005,16.74976929,1.734806161,0.602729579,0.000181524,0.001758556
104645392,26.29416618,2.527905761,1.01072994,0.000184358,0.001784303
101257929,28.06836908,2.667321398,0.657370249,0.000185341,0.001791998
101268335,2.008549585,4.311924649,2.281065922,0.000186199,0.001798679
101253864,12.36852454,1.669622963,0.566021729,0.000190565,0.001832738
101256639,8.546349391,1.275716318,0.395299891,0.00019076,0.001832796
100316879,40.50790864,1.138921686,0.367287129,0.000195264,0.001870198
101247540,35.52542728,2.956393245,1.300491338,0.000196508,0.001879255
101266268,138.2966848,1.137448544,0.371370178,0.000197613,0.001887775
101055512,22.79684025,2.217883926,0.85294379,0.000200558,0.001912122
101259340,589.3739034,1.048456208,0.336987637,0.000202731,0.001927129
101255079,8.179066591,2.001997284,0.684006759,0.000202717,0.001927129
101256176,109.5497761,1.447990565,0.506578728,0.000204071,0.001938051
novel.466,4.564938317,2.931100558,0.899013248,0.000205719,0.001950961
112941516,14.73325135,2.046204934,0.750091011,0.000210314,0.001987091
101251394,13.63493278,1.212441365,0.387661764,0.00021136,0.001995119
101262681,118.1011367,1.083035032,0.351442743,0.000212575,0.002004718
101256870,31.84603691,1.070910729,0.342126806,0.000213847,0.002015777
101255313,7.433740228,1.892023076,0.635362673,0.000214624,0.002020277
101251977,20.23656104,1.795807015,0.650395306,0.000215321,0.002025899
104648289,2.46491451,4.621580696,2.40908906,0.00021621,0.002033314
101259649,5.828686599,3.19408684,1.051216523,0.000216392,0.00203408
101265172,15.99161846,1.150662813,0.367106216,0.000217274,0.00204143
101268013,74.65357469,1.133852444,0.372041513,0.000217644,0.002043953
101259967,151.7010648,1.953221559,0.763096344,0.0002178,0.002044477
101257661,28.28682597,1.266592371,0.423183053,0.000220463,0.002064942
101256522,23.13720671,2.48120843,1.008554853,0.000220558,0.002064942
101259229,1.72481949,4.050297779,2.206276198,0.000220694,0.002064942
101254676,72.8216816,1.417667844,0.496469687,0.000221761,0.00207301
101246151,36.08286498,1.527423233,0.540884659,0.000222612,0.002075842
104648424,22.37140773,1.531688889,0.535803402,0.000222781,0.002075842
101245524,5.736757509,2.819653363,0.938638174,0.000223629,0.002081825
101246809,11.03833705,2.449958132,0.921982308,0.000225483,0.002096195
101247280,18.98756959,2.658348922,1.093578749,0.000226659,0.002105192
101243975,10.43144148,1.765429535,0.611858792,0.000227383,0.002109021
104645686,22.88611211,2.347092909,0.942465235,0.000228948,0.002121589
novel.729,1.461887614,3.76203285,2.109610999,0.000229204,0.002122994
101260175,7.79057447,1.413295941,0.453820252,0.00023224,0.0021423
101248693,45.68455876,3.077622259,1.472616054,0.000232767,0.002146185
544136,63.37581705,1.804976587,0.686496863,0.000233475,0.002150752
104646741,15.04867174,1.553849932,0.539095068,0.0002366,0.00217558
101248067,8.193870757,1.154628328,0.358732408,0.000246295,0.002251447
101255007,8.395374902,1.363876286,0.441842695,0.000252819,0.002304836
101254537,6.766842735,1.239030131,0.384699166,0.000253397,0.002308953
101244245,10.06284709,1.400286327,0.465377007,0.000257557,0.002336468
112940102,3.084436448,2.766583773,1.014339937,0.000258525,0.002343146
101243997,5.7090847,1.56700421,0.500630207,0.000258786,0.002344464
101247772,43.99703397,1.138657662,0.380218217,0.000260286,0.002355945
778221,40.67468448,1.375127129,0.483911363,0.000262786,0.002375391
101265337,6.947797956,1.601847301,0.529597785,0.000263562,0.002380699
101261347,148.6855522,1.253272783,0.434740516,0.000267234,0.002408079
101259942,15.28067939,1.273842331,0.427024178,0.000274606,0.002463055
101245464,8.163407754,1.037686248,0.31878103,0.000277398,0.002483095
101254597,9.209544977,1.410378018,0.471196705,0.000284122,0.002529869
101251242,4.989707877,1.517387096,0.4774626,0.000285286,0.00253912
101268561,9.488525033,1.384689389,0.462498176,0.000288389,0.002560722
101257776,11.69016729,1.57730897,0.55439945,0.000289207,0.002563878
101267939,15.59066896,2.014614372,0.778580226,0.000291321,0.002581489
101247496,14.52289762,2.510834969,1.03690572,0.000296658,0.002615056
101260206,6.685552714,1.548023848,0.512710503,0.00029655,0.002615056
101243692,6.524650586,1.838818257,0.629076994,0.000296486,0.002615056
101245335,13.9322919,2.143784655,0.839509072,0.000298425,0.002627204
101245497,21.85833811,1.75744904,0.666801333,0.000301468,0.00265054
101264197,11.15170136,2.042435642,0.775039166,0.000308361,0.002701761
101260866,9.266848118,1.684209958,0.594738346,0.000309808,0.002710917
101256273,4.317291462,1.785180948,0.565535115,0.000309752,0.002710917
101249625,36.85304092,1.965298901,0.797253063,0.000310122,0.002712494
101265657,20.13811265,1.190237524,0.402291899,0.000310949,0.002718556
101256620,1.980938575,2.761693651,1.226258781,0.000312295,0.002727843
101264391,43.05261086,1.388034405,0.50366706,0.000323305,0.002814436
101257026,57.0544947,2.127284979,0.914845858,0.000324735,0.002823273
101260808,22.80602615,1.026043511,0.336534399,0.000324878,0.002823273
543808,24.60856104,1.759345648,0.680581038,0.000326918,0.002836137
novel.252,1.428063757,3.693071802,2.120004883,0.000334309,0.002892824
101265262,11.26321961,1.525164136,0.540732738,0.000336035,0.002905272
101263370,11.88033993,1.178047946,0.391593977,0.000342751,0.002952661
101263761,18.2885724,1.473939001,0.535070836,0.000344589,0.002965307
101264428,36.35710858,2.923056026,1.497222428,0.000344931,0.002965736
novel.547,6.069286401,1.627019057,0.549008605,0.000347668,0.002984201
101249262,5.935190073,1.842058644,0.63502811,0.000348548,0.002987956
101260856,17.8185129,1.240349235,0.42772172,0.000348979,0.002990383
101248897,2.960037322,4.841981499,2.569719736,0.000349912,0.002997115
112940897,10.86295634,1.480429352,0.521887829,0.000350598,0.003001719
101258448,42.61823706,1.505306996,0.567481983,0.000354187,0.003031164
101244426,6.231531196,1.460858192,0.484431953,0.000356512,0.003047196
101244961,15.42458762,2.859333423,1.299615849,0.000358528,0.003061848
101263251,15.38019693,1.824136394,0.706320751,0.000359728,0.003068303
101266767,3.179658711,3.326155322,1.517561983,0.000363638,0.00309895
112940561,43.4652008,1.099439776,0.377332941,0.000365091,0.003108721
101253895,4.239800607,3.649626284,1.715795907,0.000367426,0.003123351
101250536,7.531151184,1.221909971,0.399497952,0.000371381,0.003149882
101261451,100.926035,1.120160614,0.39111047,0.000380334,0.003214199
104646728,48.87190065,1.171840425,0.413243694,0.000390079,0.003281489
101244694,9.194310399,1.175908586,0.390046441,0.000390827,0.003283688
novel.56,315.0062306,1.459569471,0.562606654,0.000395842,0.003323069
101254841,9.280205618,1.997746744,0.768864447,0.000400394,0.003351565
101249891,5.490218101,1.883073842,0.655821364,0.000400252,0.003351565
101243841,4.303345964,1.955680863,0.64976458,0.000404641,0.00337734
101265673,12.22563681,2.205530668,0.908967551,0.000405547,0.003379332
101259185,11.83660504,3.809329041,1.741802576,0.000405498,0.003379332
101253551,14.02808284,1.062263866,0.353629702,0.000405761,0.00337973
101260554,19.18514895,1.100722581,0.376498026,0.000421775,0.003495867
109120544,8.153687074,1.754644686,0.648944136,0.000430692,0.003555225
101244548,6.668751009,1.837670115,0.668385981,0.000436257,0.00359092
101246203,5.728137725,1.259160888,0.409715072,0.000440378,0.003620428
543993,27.1688587,1.344422696,0.497509925,0.000442444,0.003634465
101266765,94.92459269,1.21413362,0.44345471,0.000444718,0.003651664
100134914,5.909095645,1.296260233,0.427710146,0.000447758,0.003673648
101259423,9.25843789,1.285126333,0.444162967,0.000449556,0.003685415
101243886,51.96224762,1.155917494,0.414078137,0.000453374,0.003712206
101255450,15.79008218,1.031692941,0.34724894,0.00045573,0.003726978
101263419,8.644513911,1.04455688,0.341079724,0.00045983,0.003752933
101259859,13.21480595,1.916850278,0.778850419,0.000464557,0.003783891
112941846,4.923749796,3.191656644,1.4086487,0.000464764,0.003784054
101253750,12.61835107,1.239480675,0.435912103,0.000467608,0.003802623
101252574,13.78262041,3.877266333,1.9782507,0.000469609,0.003817331
101260239,19.32576502,1.015026219,0.344880125,0.000479729,0.003887146
101268570,7.30078908,1.324147264,0.450077338,0.000480957,0.003893983
101264330,15.72752761,1.138459031,0.396758226,0.000483128,0.003906879
101257376,6.87349831,1.102235834,0.359532794,0.000483402,0.003907532
100736493,42.58196009,1.224719728,0.450182019,0.000488225,0.003936361
101249240,36.30638662,1.001309505,0.345434345,0.000488168,0.003936361
101258501,18.78766084,1.651526571,0.658760264,0.0004894,0.003941856
101259276,14.79123009,1.249726226,0.44679525,0.000489674,0.003942497
101251368,240.7737149,1.042916568,0.369028144,0.000494013,0.003972697
100134872,4.913084035,1.900008975,0.669044339,0.000494752,0.003977059
101263054,73.79489773,1.438667016,0.566654477,0.000498107,0.004000857
101257007,9.894401369,1.655214706,0.631984033,0.000510479,0.004080811
101262640,6.667144622,1.431252039,0.500539542,0.000511196,0.004083317
101253295,21.19121943,1.678537101,0.682932285,0.000511538,0.004084439
101249408,6.368819642,2.357540828,0.920036195,0.00051588,0.004117488
101258079,5.506920135,1.607958005,0.563306241,0.000516565,0.004121331
101254713,39.24743207,3.183773754,2.313120546,0.000521894,0.004154028
101258366,14.86820909,1.711001669,0.694664739,0.000548319,0.004328646
101260626,5.827941808,1.92809055,0.719893822,0.000557947,0.004392669
544230,6.540827619,1.583844777,0.575495023,0.000561275,0.004415439
101258525,7.808490292,2.559342608,1.084499125,0.000561858,0.004416592
104645999,17.01045674,2.408093383,1.16508359,0.000563675,0.004429156
109119183,9.430750937,1.145624559,0.395893335,0.000568133,0.004453853
778255,3.490109777,3.341145389,1.666345815,0.000569948,0.004464596
778346,2.386606056,4.441290723,2.493153846,0.00057286,0.00448567
101263961,8.379271156,1.858194673,0.736025767,0.000576515,0.00450906
101260885,17.86087825,1.305216843,0.489908598,0.000577792,0.004517302
101260969,11.65011817,2.108590353,0.918773098,0.000584865,0.004556771
novel.355,2.308942041,2.86800162,1.383613357,0.000590242,0.004588079
101255883,12.72714764,1.131570237,0.400186607,0.000598046,0.004639839
101264734,64.98959033,1.188659673,0.447445769,0.000601346,0.004654192
101243802,26.25881521,1.585532961,0.656266179,0.000606057,0.00467335
101266582,5.577610766,1.307565216,0.446742548,0.000614856,0.004730401
101252563,13.89524411,1.072375604,0.376271698,0.000615525,0.004733747
109118716,2.731064801,3.055790178,1.506368228,0.000632538,0.004844354
101251286,33.89219952,1.678675973,0.727743894,0.000635526,0.004863565
101251665,14.64676045,1.159459731,0.420321339,0.000641183,0.004892751
101259033,4.619232163,1.660203048,0.585027594,0.000640838,0.004892751
101256570,45.93259235,1.925389549,0.908884693,0.00064225,0.004898367
101250283,4.188378956,3.505965637,1.849887184,0.000642918,0.004898941
112941005,2.504156997,2.433086399,0.981796346,0.000643051,0.004898941
101251878,11.51617531,3.319101789,1.752042522,0.000651775,0.004954222
101248811,9.382619444,1.646125064,0.650949703,0.000653255,0.00496182
101262621,15.46855013,2.231585228,1.066663212,0.000656235,0.004976919
101260726,27.6502589,1.158640091,0.432439452,0.000664283,0.005028544
101263682,9.277778113,1.379786006,0.515312249,0.000665132,0.005033085
101262352,7.71417982,1.957208032,0.800268329,0.000667074,0.005040255
101260469,1.631090178,3.823084841,2.256209759,0.000666954,0.005040255
778314,9.370244628,1.038360026,0.356361189,0.000668652,0.005048407
101250999,6.333627282,1.362701529,0.485961128,0.000673428,0.0050769
101253257,14.90550053,1.992476405,0.90329546,0.000675328,0.005087438
101255705,11.35639968,1.311295052,0.490498654,0.000675258,0.005087438
101253128,15.91717697,1.200507391,0.445186455,0.000680245,0.005118767
novel.492,4.084006383,2.069530114,0.740351376,0.000680743,0.005120613
101267755,60.2898956,1.740887082,0.794521553,0.000686144,0.005147856
101253472,11.57665625,1.732781883,0.72182609,0.000686577,0.005149203
101260131,6.402721493,1.142072261,0.390315032,0.000694772,0.005199109
101266687,1.239087947,3.369664535,2.079667023,0.000696763,0.005212089
101248757,328.2031161,1.006657938,0.368005553,0.000697704,0.005217196
101268303,2.448349394,2.907662856,1.447791744,0.000699089,0.005224847
101267966,5.453608291,1.98171429,0.766041831,0.000704459,0.005256067
543684,2.986770171,3.126053425,1.593245437,0.000704363,0.005256067
104649390,1.65728799,3.84062313,2.273298228,0.000708118,0.005277536
101264838,5.472366738,2.36782094,0.946956952,0.000710985,0.005291115
101246381,214.5302468,1.191487722,0.463926244,0.000713416,0.005301417
101251098,10.52621567,1.089320617,0.385284524,0.000713181,0.005301417
101250180,7.346290085,1.229499906,0.43768863,0.000718777,0.005334863
101257330,9.016657597,1.346302065,0.503681858,0.000723036,0.005357186
101261797,8.483897649,1.012782975,0.346078108,0.000726196,0.005376665
101259641,19.27261716,1.378372434,0.549120238,0.000728629,0.005390735
101253214,15.88710796,1.160528474,0.430955054,0.000736797,0.00544123
544200,1.340807648,3.501108789,2.137634233,0.00073881,0.005454111
101265780,247.7170757,1.576028147,0.703081553,0.000745168,0.005493037
101252464,13.93757918,1.979575356,0.909038977,0.000745899,0.005496426
101247945,5.358639373,1.961064255,0.761510432,0.000750132,0.0055236
104646600,1.826005812,2.54600316,1.262065863,0.000753372,0.005541412
101253445,4.267640546,2.369775487,0.88575423,0.000762602,0.005597112
101260209,288.005267,1.487536807,0.646384881,0.000769332,0.005639216
101250624,88.22505848,1.207643465,0.476395843,0.000777435,0.005689485
novel.486,8.034203671,1.392852987,0.529509033,0.000783106,0.005722719
101248245,16.83042622,1.016883936,0.365725084,0.000785105,0.005735255
101266118,15.4588636,1.100605834,0.404324997,0.000785723,0.005737702
101259170,12.34725304,1.02078846,0.362130773,0.000787556,0.005746301
101245278,9.098604384,2.214352173,1.014690473,0.000791435,0.005767146
101254087,8.323780578,1.500704904,0.587903905,0.000804128,0.005844716
101255003,17.53351377,1.268010114,0.495620444,0.000808798,0.005876547
101252907,3.76373258,3.333311412,1.826382943,0.000809847,0.005879955
101252194,6.435823788,1.747016224,0.695028689,0.00082097,0.005945798
778228,90.68165196,1.442895741,0.625811652,0.000838702,0.006063381
104646047,5.91987187,1.548326669,0.589257737,0.000849335,0.006129314
101258780,19.6841711,1.390659383,0.573028384,0.00085682,0.006178923
100125906,19.52574794,1.75159023,0.806780277,0.000859872,0.00619652
101265517,5.435790876,1.565327841,0.5894575,0.00086228,0.006209455
101246738,3.993876079,2.021628532,0.751545036,0.00088752,0.006359569
101259926,4.777404204,1.539924205,0.566401953,0.000888398,0.006361356
104644401,6.928971481,1.032390244,0.357687467,0.000889888,0.006367522
112941722,6.05965961,1.138176859,0.39975677,0.000893405,0.006387217
101250715,32.21975584,2.400649648,1.539826191,0.000895419,0.006395804
101249727,370.1043464,1.664142819,0.800714825,0.00089725,0.006406624
101251532,4.131557957,1.666431041,0.607302558,0.000914674,0.006514962
101250784,5.143903417,1.89855577,0.754918017,0.000923796,0.006561478
543990,870.0169308,1.606785029,0.761396451,0.000938154,0.006647359
101258763,6.306298193,1.116024467,0.394246226,0.000939074,0.006651338
101247953,3.561209481,1.890523086,0.680154472,0.000949343,0.006705314
101264719,58.053206,1.085279611,0.422502012,0.000958922,0.006763537
101250069,6.599585176,1.560836436,0.619938288,0.000963331,0.006791539
101267733,23.49233272,1.037988181,0.390913643,0.00096582,0.00680272
101265450,5.878626059,1.431603047,0.543031564,0.000968169,0.006812156
101257479,35.11699061,1.079165024,0.41798351,0.000981529,0.006894183
101248455,62.98964666,1.225954652,0.504968534,0.000986729,0.006928306
101251327,4.893490619,2.4623835,1.025182826,0.00098776,0.006933143
101260194,6.943279119,1.153635477,0.419925107,0.000999265,0.006999345
101252275,7.219880417,2.22226547,1.028254107,0.001002956,0.007020345
101261456,4.940445032,2.217936257,0.91979646,0.001008651,0.007055336
101255677,11.96050913,1.621405519,0.715118183,0.001016954,0.0071036
101255164,7.708160017,2.277696817,1.088356842,0.001017453,0.007104636
101250435,6.033419742,1.127707902,0.402465637,0.001019503,0.007116498
101267739,17.37783604,1.542352618,0.686289104,0.001021181,0.007125756
101253770,172.3782915,1.552156167,0.736577629,0.001022762,0.007133283
101258781,21.59461273,1.424526839,0.619788612,0.001046074,0.007266912
101268459,5.678764071,1.21729497,0.443164479,0.001061403,0.007355746
101255178,213.4894723,1.106591769,0.4449256,0.001063056,0.007364679
101265495,6.858868107,1.01709834,0.359358679,0.001068324,0.007393588
101246721,7.284537457,1.030924974,0.368559,0.001083572,0.00749144
101262803,8.055451969,2.159120452,1.049420438,0.001107468,0.007630604
101248223,20.92644641,1.34488163,0.574386562,0.001109144,0.007639553
101249309,107.9795361,1.239910658,0.527306278,0.00111081,0.00764843
101252830,6.253539706,1.927659441,0.842124205,0.00111734,0.007688163
101251284,8.121086017,1.259588635,0.489519254,0.001119402,0.007697125
101248294,6.791403558,1.062695362,0.382644504,0.001124758,0.007720851
101263679,97.16195025,1.537384771,0.742660063,0.001145672,0.007844385
101268780,60.3032469,1.907719126,1.093831211,0.001146991,0.007849526
101255708,13.93774477,1.414474386,0.608846125,0.001153876,0.007888651
101254378,23.35691656,1.336293248,0.576746806,0.001156015,0.007900603
novel.52,5.280523632,1.624396046,0.651732712,0.001168084,0.00797502
101268894,4.92503586,1.832824595,0.749916094,0.001173318,0.008005356
101245743,10.28674215,1.503361755,0.651031091,0.001177746,0.00801936
101262338,13.84692772,1.751007711,0.848800228,0.001180849,0.00803509
101245548,27.06416958,1.043314106,0.407201226,0.001183097,0.008047682
101247414,7.263674396,1.076954497,0.395588256,0.001189407,0.008081769
101264357,88.80249845,1.982364012,1.23435234,0.001195494,0.008115656
novel.900,4.418306267,2.087210855,0.860711855,0.001213748,0.008206571
101247544,5.547248987,1.26766914,0.476172089,0.001215622,0.008213763
101267002,6.907879653,1.498939049,0.618746184,0.001219454,0.008231866
101257025,10.45195711,1.101534042,0.422748712,0.001222607,0.008238973
101262912,120.5798119,1.292497402,0.57265227,0.001225377,0.008249409
novel.275,1.210199099,3.25341898,2.114341705,0.001226511,0.008251553
101259650,5.977497179,1.529496467,0.622218125,0.001230284,0.008267952
112940379,1.187166569,3.216418644,2.099332363,0.001235449,0.008293406
544180,22.81884478,1.381684857,0.61445993,0.00123805,0.008307115
109120859,8.859237374,1.837594283,0.867533537,0.001239147,0.00831172
101261073,38.16418221,1.34965377,0.604051922,0.001242918,0.008328742
112941723,2.87558354,2.93256461,1.726228645,0.00130347,0.008682796
101263288,2.821554759,2.446299423,1.168613107,0.001304382,0.008685421
novel.582,8.180280776,1.584352461,0.698231042,0.001308773,0.008706672
101263926,10.46512195,1.268084908,0.520843664,0.001312833,0.008725085
101266471,6.107123336,1.757040588,0.768327821,0.001317015,0.00874879
104647116,5.018355586,2.75236912,1.258111312,0.00132544,0.008797328
101268689,5.677246809,1.286310045,0.494520117,0.001328416,0.00881419
101252813,150.2932334,1.153908827,0.491301702,0.001337715,0.00886138
101263809,19.26922686,1.192782925,0.498331556,0.00134555,0.008910367
101245843,6.311135365,1.239407127,0.479573507,0.001351649,0.008936149
101253582,10.36708308,1.210660395,0.491826888,0.001380527,0.009087835
101254583,5.499937407,1.916064258,0.852928084,0.001380813,0.009087835
101258723,22.36638548,1.089985727,0.441821254,0.001384995,0.009109043
101260686,7.755951409,1.258196558,0.505732849,0.001399311,0.009182324
101266119,10.18359648,1.555354837,0.702340806,0.001418073,0.009278395
101264778,144.6744934,1.346281696,0.632481107,0.001433718,0.009365635
101245241,1.629139868,2.309648349,1.266941998,0.001435508,0.0093743
novel.596,3.219247439,2.005560575,0.760808436,0.001445283,0.009425981
101265038,4.913213071,1.968593193,0.865695739,0.0014572,0.009491477
101261932,4.099262383,1.78906216,0.726033445,0.001463497,0.009522662
101254416,12.56365913,1.047177542,0.412104105,0.001490095,0.009671534
101250001,10.65680381,1.153433625,0.466515781,0.001491071,0.009672292
101249045,13.05786908,1.618197061,0.7948875,0.001502578,0.009730726
101246798,5.318424373,1.295270429,0.50616202,0.001513115,0.009769761
101260789,6.18358504,1.288723379,0.51529109,0.001523695,0.009820393
101262282,1.875592261,3.886595937,2.475765341,0.001526149,0.009828053
101253645,1.101430552,3.05533712,2.067085308,0.00155429,0.009976316
101266300,6.426251405,1.78556897,0.83118577,0.001566219,0.01003698
101268229,5.310086928,1.120883268,0.419541708,0.001576613,0.010097204
101264432,19.76702743,1.252783605,0.553895941,0.001585646,0.01015184
543634,113.1548907,1.137344854,0.495900074,0.001591281,0.010177899
101243998,81.65795887,1.185281346,0.527526471,0.00160084,0.010223269
101250202,49.32065828,1.517773199,0.792189515,0.001626203,0.01035586
101249721,40.37234758,1.531677999,0.803892672,0.001636733,0.010406561
101260132,6.044835666,1.426646648,0.600545328,0.001638772,0.010416256
101258000,7.736681219,1.191344618,0.482688455,0.001653432,0.010496262
101255928,40.61582184,1.090846455,0.463950852,0.001663072,0.010547541
novel.919,5.876791665,1.167492643,0.447904091,0.001669538,0.010578613
101250492,11.54386649,1.742787141,0.919197402,0.001678729,0.010620242
543900,7.398517699,1.622044607,0.755743457,0.001678496,0.010620242
101261849,12.52671625,1.390194395,0.640672768,0.001694598,0.010700582
101257550,8.886395817,1.126205117,0.45455369,0.00169613,0.010706919
101260054,11.51250318,1.580071078,0.782197344,0.001714987,0.010812475
101247750,28.59677133,1.801040728,1.122226362,0.00172475,0.010856166
101267354,10.58344151,1.403878148,0.641611057,0.001726422,0.010860911
novel.223,2.484329521,2.267251264,1.113650359,0.00173494,0.010899439
101268503,4.504250622,1.209947469,0.459605063,0.001745991,0.010960193
101262488,21.19242218,1.316851599,0.615199321,0.001759217,0.011036375
544100,52.48816115,1.828584019,1.253431295,0.001762306,0.011052333
101265827,36.60014616,1.003646226,0.415198904,0.001769954,0.011086566
101265430,56.29864284,1.34251972,0.658724323,0.001789623,0.011185561
101262930,1.951214519,3.90386535,2.544717473,0.001790295,0.011186306
101268049,4.133072142,2.204448401,0.991349943,0.001808953,0.011292438
101246876,8.195475066,1.627833939,0.792150162,0.001818724,0.011335964
101244758,7.158366588,1.580143902,0.740684562,0.001844643,0.011455223
100191121,17.05737001,1.596627907,0.854263288,0.001846716,0.011464583
101247644,9.761248026,1.316895493,0.58689738,0.001859989,0.011528784
101255981,5.73670956,1.655854735,0.760588177,0.001863683,0.011545146
543594,32.43218548,1.331554258,0.648252927,0.001873302,0.011597638
101253579,13.16455084,1.251267725,0.559543342,0.001882346,0.011646515
101267180,6.426742037,1.170245239,0.472102426,0.001887631,0.011672084
101250467,7.038869161,1.482686902,0.675134928,0.001902748,0.01173332
101246484,4.071399406,2.481634418,1.144563425,0.001903882,0.011736741
101260072,14.5770908,1.079350858,0.453621677,0.001930191,0.011855633
101267746,5.319478787,2.159640515,1.113326196,0.001984837,0.012136084
112942159,8.128641606,1.76082125,0.92860731,0.001988362,0.012152365
101265690,11.15748265,1.580396484,0.818055094,0.001994844,0.012175218
543914,14.52599685,2.171354635,2.49966813,0.002008845,0.012253182
101250137,8.552838354,1.226243396,0.528986868,0.002009432,0.012253182
101247504,5.214631755,2.363778755,1.250948241,0.002014291,0.012279114
101266834,7.811612205,1.130294897,0.468410981,0.002077728,0.012597584
100301918,31.5270741,1.164314057,0.533925992,0.002091497,0.012658337
104645834,22.13515933,1.639711725,0.979109757,0.002105729,0.012736861
101250294,30.23923646,1.452256025,0.782290913,0.002120209,0.012809147
101265138,5.275114284,2.358768347,1.283547827,0.002129193,0.012859384
101252725,8.142428242,1.169112702,0.497080322,0.002136414,0.012891673
101256026,5.825744859,1.058994478,0.415711741,0.0021617,0.013013239
101254463,2.264739978,4.046531408,2.73777292,0.002167887,0.013037133
112940466,1.072235953,2.956851822,2.089252911,0.002167532,0.013037133
101252730,13.7000818,1.210312219,0.552050404,0.002191083,0.013147146
104645361,13.07412406,1.264142438,0.589133985,0.002202971,0.013198933
novel.818,6.907776019,2.744334141,2.001586777,0.002209178,0.013224449
101260544,5.050915602,1.405318002,0.610558557,0.002251958,0.013428879
101266343,6.539984794,1.243627544,0.535252696,0.002256134,0.013449827
101268113,7.76178899,1.120172096,0.469659859,0.002260125,0.013469652
543824,110.906785,1.193916263,0.578624523,0.002261981,0.013472788
101263334,3.276096574,2.268612942,0.984565453,0.002268752,0.013501206
543711,1.844380426,2.345187634,1.459664601,0.002293815,0.013630337
101250405,5.392276928,2.342465187,1.337874312,0.002298328,0.013637151
101244909,74.46602348,1.217132087,0.599029449,0.002312927,0.013695694
101250521,13.80163037,1.28158368,0.612790818,0.002319,0.013722887
101260141,28.20135286,1.849124662,2.185988393,0.002324214,0.013742439
101251234,3.827992743,2.08817658,0.969950912,0.002326937,0.013754524
101255929,19.41503922,1.122079531,0.508136469,0.002337773,0.013794427
101246031,18.3820829,1.578142931,0.931858312,0.002351298,0.013848058
101249596,4.797776335,1.159877643,0.464244286,0.002350625,0.013848058
101266923,3.892162656,1.681277547,0.739207955,0.002353058,0.013848058
104645396,1.147598814,3.053176839,2.160044882,0.002365496,0.013901321
101266842,4.054366309,2.428959251,1.201828206,0.002373366,0.013931405
101261913,9.193534168,1.053786246,0.442542312,0.002399275,0.014063123
100736506,17.42092132,1.078063218,0.477368506,0.002405333,0.014082322
101253292,4.675745623,1.227681107,0.502598283,0.002411358,0.014109442
101249814,6.724410417,2.665082866,2.053297044,0.00242946,0.014178499
101251222,6.132133498,1.245504256,0.540262438,0.002436263,0.014205927
101243809,6.521705099,1.380600917,0.637467903,0.002438447,0.014214568
101244060,14.75260504,1.024336969,0.440063666,0.0024424,0.014229421
101249483,1.273651107,3.194255613,2.246480676,0.002446686,0.014246195
101248996,22.00312859,1.429616863,0.791060299,0.002509874,0.014572231
112940567,5.591323922,1.228635188,0.525696893,0.002533665,0.014680907
101260840,15.50008346,1.428102902,0.774099579,0.002560023,0.014802201
101245267,5.252316157,1.009599009,0.395639494,0.002560444,0.014802201
101248919,4.729239219,2.499832079,1.4161822,0.002569682,0.014842309
101247075,6.960963359,1.289873501,0.595249238,0.002597727,0.014962231
101259871,3.93787274,2.094160292,1.022924056,0.002600917,0.014970649
543848,6.439354188,1.359691238,0.633686124,0.002623632,0.015081417
101265539,26.35509406,1.234329663,0.622583693,0.002666617,0.015280808
novel.101,6.338570276,1.422669461,0.683496753,0.002708689,0.015466491
101246594,5.79968915,1.112040789,0.464511747,0.002712139,0.015480362
101250408,4.991562513,1.110239655,0.452878147,0.002715022,0.015492453
101246690,2.341539323,2.115846647,1.153763916,0.002723149,0.015530075
101248899,3.301366242,2.232687366,1.027920792,0.00272871,0.015553033
101250559,6.263396933,1.494428128,0.740428969,0.002732714,0.015571471
101262262,969.4472308,1.476264946,0.961841444,0.00277052,0.015718253
544254,80.67388124,1.346330842,0.767956441,0.002768092,0.015718253
101261407,30.84058526,1.011586939,0.454784634,0.002771664,0.015718253
101249561,20.62532534,1.153937024,0.554713997,0.002793671,0.015812069
101248063,4.381718417,1.758635447,0.86608278,0.002793296,0.015812069
101258673,171.0492797,1.022073945,0.474780634,0.002849088,0.016067364
101265170,5.939031532,1.842737388,1.071013032,0.002901346,0.016271474
101264323,5.676283913,1.232764996,0.546678895,0.00290874,0.016299405
101257964,9.109962668,1.079027639,0.47669217,0.002934314,0.016400259
101266980,7.702552619,1.315246494,0.638313129,0.002930706,0.016400259
101267225,18.67138896,1.072560759,0.499773442,0.003032243,0.016828533
101267425,15.48658171,1.404547429,0.804877805,0.003079591,0.017049269
104646528,7.179409964,1.070759444,0.465601199,0.003104189,0.017157315
101261885,27.81224394,1.523028583,1.066815344,0.003126027,0.017263887
101246396,5.149744467,1.300224325,0.592446023,0.003127046,0.017264805
543834,3.994644304,1.83940175,0.927549108,0.003130646,0.01727997
101246301,20.01971695,1.19014765,0.602948287,0.003143897,0.017338937
101267151,5.990432709,1.609331769,0.876689565,0.003151612,0.017367301
101248013,1.957353996,2.283135904,1.630971455,0.003151117,0.017367301
101260364,17.90346822,1.404746693,0.827088783,0.00316368,0.017429063
101249605,6.942446952,1.334576371,0.660889965,0.00321885,0.017676514
101257625,5.611450632,1.133442739,0.494052918,0.003221504,0.017680303
101256779,8.979217489,1.097618948,0.503032752,0.003323216,0.018137194
101248260,26.49234752,1.138272352,0.574926066,0.00332837,0.018158576
novel.791,24.40113342,1.184087965,0.614935866,0.003330644,0.018166091
101252698,4.281891783,2.347832313,1.401500529,0.003335031,0.018185123
101260872,114.7390799,1.045606581,0.510418798,0.003338695,0.018195302
101255038,4.952125021,1.560332468,0.801739052,0.0033748,0.01835257
101265571,57.46979414,1.053868966,0.515262156,0.003380911,0.018370462
101246424,32.46009381,1.068519156,0.521372968,0.003385776,0.018382647
novel.366,3.399013403,2.193417247,1.108948136,0.003392104,0.018412071
101247596,6.319352703,2.047918939,1.637693346,0.003441789,0.018621878
101262986,6.028790069,1.346694236,0.66748998,0.003465648,0.018725959
104645412,1.209672051,3.028830761,2.276856089,0.003468615,0.018736998
novel.523,1.323417241,1.904316835,1.242699967,0.00349494,0.018864109
101247334,0.995814707,2.723271352,2.095890199,0.003512822,0.0189269
101258035,15.26340659,1.399744589,0.848931149,0.003526453,0.018973536
101055520,24.57135681,1.209773246,0.654491416,0.003533119,0.019004355
101267431,13.184912,1.19312411,0.609516627,0.003553182,0.019091989
101247816,4.326508034,1.701825875,0.898202926,0.003564895,0.019129555
101243675,4.206384995,1.841976335,1.008241269,0.003584349,0.019187193
104647562,1.481476492,2.003026234,1.36054545,0.003615811,0.019325986
101266879,686.7732695,1.369180854,0.934112488,0.003624409,0.019347492
101263695,1.52113529,3.332537211,2.516142547,0.003622912,0.019347492
104645765,0.961227551,2.663099191,2.078728355,0.003712114,0.01973153
101259939,4.351397211,1.123496023,0.480205454,0.003736041,0.019816961
101265773,21.71772672,1.533164626,1.902075342,0.003807151,0.020115143
101247154,23.21332049,1.025007679,0.495095552,0.003812248,0.020126326
101247976,8.714116118,1.192244526,0.595799286,0.003834026,0.020225487
543670,12.46426366,1.326229455,0.766691831,0.003858068,0.020315278
101263329,0.966116073,2.650612562,2.089384161,0.003914389,0.020563739
101255524,1.692632975,2.079226917,1.534032774,0.003942088,0.020682436
101251958,3.960566467,1.775503523,0.969501896,0.003981261,0.02083938
101251744,103.6354057,1.156902928,0.646937067,0.003982844,0.020842282
101268375,26.94797755,1.215645774,0.692788236,0.003999446,0.020918351
101249132,6.373493043,1.298990044,0.669385984,0.00404961,0.021142512
101245741,14.27271949,1.268443024,0.727307189,0.00406412,0.021212799
101250431,8.199950353,1.430589355,0.856226744,0.004089485,0.021317727
101256719,40.71483137,1.320751794,0.874535842,0.004109749,0.02141234
101246412,1.24195264,3.00808237,2.348111756,0.004122195,0.021466146
101244925,5.816112976,1.619469293,1.013735536,0.004177368,0.021725533
101254356,6.446723912,1.116915583,0.527041227,0.004217839,0.02190227
101252343,4.159675674,1.069485956,0.456405826,0.004258714,0.022057985
112941402,1.288965767,1.832254637,1.259608631,0.004260813,0.022063211
104645573,17.24407049,1.214627717,0.691208565,0.004266241,0.022084111
101258138,25.21509932,1.239010128,0.739954883,0.004274274,0.02209902
101055558,69.59584865,1.233049632,0.76490288,0.004291087,0.022174629
544124,9.156742319,1.055190147,0.507523284,0.004398946,0.022642127
101256451,7.854226443,1.279403606,0.700941443,0.004437784,0.022781597
novel.114,4.61062493,1.349540204,0.682639809,0.004473045,0.022933554
101262115,7.996518828,1.051185729,0.502074653,0.00456745,0.023287902
101248653,24.66341161,1.201079692,0.711824174,0.004573886,0.023297261
101253157,3.034881132,2.02602733,1.834576914,0.004579627,0.023320639
101262869,45.69817042,1.076195261,0.581862836,0.004594228,0.023371492
101259145,1.323278193,1.829101679,1.299313359,0.004613461,0.023445778
novel.638,17.19502615,1.283215987,0.813255232,0.004631179,0.023506336
101268109,5.254642453,1.846376608,1.458592235,0.004653135,0.023579183
101268757,2.97541884,1.740454782,0.863602053,0.004688971,0.023716476
101266965,40.87658373,1.321240848,0.972847418,0.00469659,0.023748056
112940541,3.961567586,1.324865119,0.64338113,0.004705218,0.023780837
109119806,3.058490987,1.964489475,1.934715129,0.004714603,0.023800805
101249340,4.026311862,1.741969956,1.033497011,0.004722302,0.023831508
101262668,27.83872817,1.056496236,0.558666787,0.00472497,0.023839035
104644464,0.904732287,2.504152204,2.069369659,0.00474419,0.02391813
101251542,7.268870773,1.375281553,0.82629541,0.004791682,0.024115553
112941040,3.434605375,1.83317827,1.024144983,0.004815296,0.024198327
104645520,3.974211102,1.321253367,0.647340368,0.00483698,0.024277181
101261126,9.588427293,1.502853822,2.047874522,0.004903078,0.024523863
101259110,3.841865291,1.183825863,0.541615871,0.004906258,0.02453371
101249481,9.858999044,1.180779134,0.653133131,0.005029545,0.025051264
104644938,1.92690797,1.791075882,1.101751065,0.005049155,0.025136579
101262208,2.311955539,1.81958423,0.81561311,0.005069873,0.02522432
544120,5.935969827,1.418520006,0.865699801,0.005148709,0.025531797
101250152,4.385419915,1.620379147,0.99860587,0.005151651,0.025540135
101245385,7.466194709,1.068954685,0.530445228,0.005176885,0.025619864
101264922,3.963968884,1.42740708,0.758496617,0.005254585,0.025910938
544034,1112.044537,1.045050006,0.587332778,0.005298816,0.02609728
100736451,649.8706437,1.122645506,0.688123568,0.005335793,0.026241116
101257491,18.42692375,1.160181166,0.691192114,0.005351406,0.026292368
101262884,73.0835288,1.053409348,0.594108194,0.005369162,0.026354061
101265548,31.6260579,1.230480229,0.844815457,0.005393616,0.026445204
104648014,4.373988283,1.27887503,0.657314962,0.005447235,0.026646859
101257419,3.792545331,2.295494158,0.690730312,0.005452018,0.02665095
101264595,3.961045855,1.688244837,1.056262089,0.00546557,0.026692331
101248706,26.94644723,1.251801765,0.94585209,0.005798251,0.027905721
544168,15.30149825,1.018477921,0.541230326,0.005811082,0.02794092
101252546,10.52046411,1.136772552,0.651176382,0.00588601,0.02824086
101264586,0.879101078,2.388761725,2.087132259,0.005900324,0.028296135
101252154,29.86079618,1.177118124,0.789993225,0.005953538,0.028497359
544149,1051.293151,1.246265324,1.19539974,0.005972978,0.02855667
101259676,22.91244251,1.023895306,0.566056898,0.006020759,0.028737633
101258361,46.81114074,1.215044534,0.912753391,0.006034737,0.028797566
101244184,9.848617226,1.375308144,1.147497393,0.006041052,0.028814125
104645134,6.356477173,1.360623123,0.890429084,0.006068248,0.028923413
104649504,2.755423578,1.428532534,0.685423277,0.006081571,0.028973279
101253377,46.1704592,1.223617735,0.95087361,0.006093822,0.029017994
101244923,19.60836552,1.234679189,0.898942608,0.006096643,0.029024607
104648000,2.499512362,1.828994722,0.93069038,0.006126671,0.029126488
101253044,3.134376396,1.219444023,0.569916856,0.006165691,0.029277636
543522,107.3184948,1.027300235,0.598114959,0.00619648,0.029389395
101250310,19.37073671,1.05242193,0.601435902,0.006257306,0.029608563
101263011,3.61198805,1.33152176,0.699538977,0.006319141,0.029852342
109119817,3.833694233,1.054023882,0.485488909,0.006335683,0.029923511
101257629,3.698046068,1.231252255,0.619146775,0.006357265,0.030004454
101249294,23.0620711,1.142025698,0.744986083,0.006363898,0.030014782
104649642,1.185844369,1.632605358,1.253317088,0.00636657,0.030020392
novel.103,14.55918334,1.182190725,0.778805211,0.00638562,0.030075216
novel.545,3.795010053,1.47654074,0.877521705,0.006478485,0.030420646
101247959,3.168462725,1.358572566,0.6924558,0.006477345,0.030420646
109121222,1.232524559,1.657140179,1.310165766,0.006503582,0.030503138
101260928,8.758466424,1.237307061,0.8126191,0.006532439,0.030631394
novel.910,1.183582645,1.623035477,1.259214231,0.006541949,0.030668887
109119317,1.184665482,1.620681991,1.261024949,0.00658785,0.030846925
101247398,37.86687378,1.035089017,0.612500417,0.00665081,0.031049887
778273,86.43016248,1.198675273,1.062767788,0.0066709,0.031129331
101247797,3.747808905,1.590143697,1.050247889,0.006786999,0.031569288
101261105,20.85330086,1.024126924,0.592597691,0.006890282,0.031968953
101254582,21.4259279,1.003146406,0.56868933,0.006899588,0.031997469
novel.182,2.732406993,1.397888208,0.695310393,0.006970115,0.032265454
104644821,1.808418925,1.691900699,2.323959937,0.007110242,0.032801681
101249387,7.35364335,1.243175178,0.835353279,0.007171891,0.033003405
101261189,3.784930517,1.034547418,0.48914399,0.007253608,0.033288704
101251473,6.803140897,1.246680314,0.828309198,0.007294911,0.033410132
101254608,2.441803019,1.767217721,0.949428928,0.007293588,0.033410132
101256744,1.578441886,1.696280098,1.798498377,0.007306664,0.033418625
101256765,6.941206782,1.027623378,0.546880139,0.00735621,0.033592143
101250644,1.649073367,1.575419407,1.02079363,0.007379121,0.033668176
104646830,3.176549854,1.203803535,0.597335155,0.007432698,0.033861165
101268277,25.35058537,1.059711662,0.674821526,0.007439264,0.033872146
101261778,2.636988431,1.791562753,1.045425412,0.007492936,0.034055287
101267723,1.234457815,1.601855394,1.352392112,0.007498878,0.034072481
novel.728,0.88157984,2.296587309,2.159738175,0.007509418,0.034091948
101246560,4.994728569,1.307151731,0.850264262,0.007568664,0.034314779
101261637,15.95673923,1.042072437,0.630132571,0.007579883,0.034342583
101250352,3.854640419,1.554711036,1.135494052,0.007583773,0.034352525
101256200,7.876668845,1.110696607,0.665376423,0.007632447,0.034534394
101258865,48.74837644,1.091488961,0.775046298,0.007682011,0.034712133
101265720,2.831643197,1.247506185,0.614238243,0.007704129,0.034788798
101258100,2.613177404,1.46207078,2.458989071,0.007720917,0.034849069
101260751,3.946379779,1.060188208,0.524836092,0.007754772,0.034978493
novel.925,3.370430221,1.238491026,0.655421582,0.007806694,0.035157894
101265918,3.617836798,1.288215526,0.726655677,0.007830769,0.03525064
101268636,2.839096425,1.244542563,0.617543023,0.007897383,0.035471682
101245352,27.56440548,1.15042462,0.976929983,0.007913464,0.035521709
101244366,7.967732573,1.185634278,0.80584516,0.007932207,0.035580762
101259425,14.56192548,1.180399798,0.96890864,0.007944358,0.035620612
104647150,1.561961873,1.520609176,0.979921588,0.00795876,0.035653013
101251122,9.045344222,1.260413551,1.230595849,0.007973673,0.035711409
101257855,86.58526349,1.055543267,0.732878334,0.008056733,0.036003802
101263772,13.25740389,1.021824546,0.613428459,0.008135947,0.0362618
novel.559,1.127109253,1.510765019,1.253838695,0.008144763,0.036285124
101259447,1.156084683,2.585023506,2.610458757,0.008162359,0.036347529
544101,46.25486341,1.11355387,0.915206632,0.008228633,0.036594385
101254274,0.826886178,2.166631344,2.108481137,0.008239357,0.036634034
101263398,2.698669039,1.537008871,0.883828527,0.008395449,0.03720556
101250915,8.102647388,1.175551996,0.832302999,0.008414449,0.037257156
101258226,2.208766628,1.542450401,1.622042735,0.008529743,0.037693499
novel.427,3.270991903,1.094534989,0.543451746,0.008636874,0.038087906
101250469,2.40371552,1.461154777,0.760740999,0.008640471,0.038090056
101255172,4.034529995,1.06399278,0.552001026,0.008646289,0.038092186
101254612,13.80711514,1.12678361,1.456738658,0.008684601,0.038244339
101266821,6.301301873,1.023645802,0.569582532,0.008687133,0.038247175
104648182,0.797399534,2.093736576,2.082358306,0.008731239,0.038407969
104649684,5.223075612,1.112293751,0.646170945,0.008733403,0.038409152
101253388,2.317177623,1.434623026,0.727758619,0.008763935,0.038526701
101263861,3.58316268,1.153822709,0.62701752,0.008997672,0.039368821
104646842,1.537136515,1.468280089,0.988251373,0.009042729,0.039520725
101255091,3.211464813,1.074500116,0.533919267,0.009089627,0.039674332
101251021,2.788218741,1.208096392,0.617258673,0.0091229,0.03980241
101255160,2.306405453,1.425879512,0.733950215,0.009131591,0.03983175
544134,10.60158466,1.154894787,0.953169701,0.009149851,0.039892988
101262768,4.716986328,1.096234503,0.624674524,0.009153014,0.039892988
104646939,1.095838952,1.447279282,1.250084319,0.009174283,0.039960866
101253028,4.366961014,1.191436984,0.730141862,0.009231139,0.040175287
101249759,3.572995807,1.054277573,0.537652049,0.00922986,0.040175287
101262843,1.928061048,1.51047164,1.34042821,0.009338695,0.040546871
101055556,5.258930825,1.088499009,0.657157425,0.009419362,0.040738612
112941966,1.183127711,1.468359988,1.361975977,0.009418375,0.040738612
101265748,2.062852199,1.500654397,1.51705491,0.009491622,0.040969912
544264,20.01951554,1.020328655,0.694415623,0.009540415,0.041101698
novel.221,2.37472036,1.657102858,0.987875746,0.0095766,0.041216144
101261523,2.154064851,1.610349506,0.869595514,0.009622143,0.041374603
101260836,9.329242665,1.158926073,1.106671518,0.00970329,0.041669278
101266542,7.817617224,1.128213156,1.569964373,0.009704114,0.041669278
101267725,3.027087154,1.523123289,1.0871583,0.009736576,0.041779927
104648220,1.03994366,2.337837352,2.600660585,0.009866756,0.042184653
101244819,2.980051357,1.371478231,0.850409019,0.009935825,0.042430384
101268222,27.39797032,1.038961072,0.79400206,0.00999301,0.042589609
novel.689,3.402445294,1.205016342,0.703234358,0.01000456,0.042629863
101256099,7.240171558,1.01511667,0.612891724,0.010027952,0.042720551
101244650,9.966939905,1.131297327,1.052686797,0.010157531,0.043136499
101246650,1.129290317,1.411813909,1.313047532,0.010166945,0.043158383
101261180,3.546442677,1.130056729,0.634239463,0.010179666,0.043203329
101246783,4.510017761,1.188551634,2.105569611,0.010300279,0.043623823
101257043,3.447231135,1.20404712,0.719288076,0.010306637,0.043641629
101251702,1.125063442,2.359886763,2.864152739,0.01032819,0.043705482
101265243,6.821848208,1.01248448,0.612572834,0.010389552,0.043869048
101243929,1.073761126,1.379379986,1.246771236,0.010405285,0.043903323
543856,8.093495355,1.068402652,0.736982195,0.010460843,0.044091821
101245147,5.299122831,1.19819171,1.586626346,0.010491561,0.044202901
novel.709,3.007283561,1.231960682,0.712671654,0.010602503,0.044596116
101264847,6.434580984,1.17396187,1.246338622,0.010637384,0.044705703
104649476,3.4164252,1.001286129,0.511308446,0.010697025,0.044881862
101266317,2.350472716,1.39677662,0.777347426,0.010731964,0.044996419
101251123,0.880810769,2.101625139,2.34072892,0.010733213,0.044996419
112941696,7.785679344,1.043186753,0.704806371,0.011028989,0.045955265
104645741,2.084531666,1.555339778,0.871130585,0.011029989,0.045955265
101248812,3.777950565,1.071485768,0.608730416,0.01108993,0.046157534
104644498,3.758106394,1.066826665,0.602358023,0.011088767,0.046157534
101260831,0.91087681,2.096250223,2.44887916,0.011295971,0.046870645
101254450,0.857324192,2.033015776,2.32073952,0.011295533,0.046870645
104645711,3.188795832,1.040922848,0.547631048,0.011307043,0.046898887
101250756,5.573878399,1.048928519,0.668205146,0.011393854,0.04716087
101265270,1.29429253,1.337997159,1.63812478,0.011403481,0.047191074
101261737,11.16559856,1.042736824,0.820267501,0.011557112,0.047671029
101264515,5.672373158,1.162321375,1.208535729,0.011605501,0.047821937
101266508,2.043769684,1.293888631,1.718319664,0.011670537,0.04797282
101250087,3.61728389,1.028753867,0.569074774,0.011773855,0.048319081
101247980,21.80469556,1.018259325,0.959429919,0.011790298,0.048366963
101261598,3.137260421,1.124489319,0.643332774,0.011814391,0.048436373
novel.897,2.904126429,1.306237554,0.858365,0.011879985,0.04863639
100736511,0.795631899,1.922432627,2.222432552,0.011907369,0.048718962
109120148,1.294840532,1.309293074,1.670129393,0.011912534,0.048722435
101255470,2.00800367,1.276668958,1.685641205,0.012049345,0.049150944
101248495,3.183353975,1.319959467,0.998680906,0.012172156,0.049582017
101257892,3.244373687,1.187618164,2.635908488,0.012261025,0.04988383
